[
  {
    "key": "adm_ban2",
    "type": "img_plus_input",
    "label": "Complete com as medidas em metros nos itens a seguir.",
    "placeholder": "",
    "description": "",
    "default_value": "Saliva de pirulito",
    "additonal_type": null,
    "image": "ban2",
    "radio": null,
    "input": {
      "dependency": null,
      "fields": [
        {
          "key": "A",
          "label": "A - ",
          "default_value": "2,25"
        },
        {
          "key": "B",
          "label": "B - ",
          "default_value": "2,25"
        },
        {
          "key": "C",
          "label": "C - ",
          "default_value": "0,55"
        },
        {
          "key": "D",
          "label": "D - ",
          "default_value": "1,05"
        },
        {
          "key": "Area",
          "label": "Área - ",
          "default_value": "5,64"
        },
        {
          "key": "Perimetro",
          "label": "Perímetro - ",
          "default_value": "10,1"
        },
        {
          "key": "Pe-direito",
          "label": "Pe-direito - ",
          "default_value": "2,6"
        }
      ]
    }
  },
  {
    "key": "adm_ban21",
    "type": "img_plus_input",
    "label": "De acordo as descrições apresentadas, verifique se as esquadrias foram instaladas corretamente:",
    "placeholder": "",
    "description": "",
    "default_value": "Saliva de pirulito",
    "additonal_type": null,
    "image": "adm_ban2",
    "radio": null,
    "input": {
      "dependency": null,
      "fields": [
        {
          "key": "p05",
          "label": "Quantidade instalada P05?",
          "default_value": "1"
        },
        {
          "key": "pm04a",
          "label": "Quantidade instalada PM04A?",
          "default_value": "2"
        },
        {
          "key": "ef17",
          "label": "Quantidade instalada EF 17?",
          "default_value": "7"
        }
      ]
    }
  },
  {
    "key": "adm_ban22",
    "type": "text",
    "label": "Quantas luminárias de sobrepor com 2 lâmpadas 32W foram instaladas?",
    "placeholder": "",
    "description": "",
    "default_value": "1",
    "additional_type": null
  },
  {
    "key": "adm_ban23",
    "type": "radio",
    "label": "O teto foi pintado?",
    "placeholder": "",
    "description": "",
    "default_value": 1,
    "additonal_type": null,
    "image": null,
    "options": [
      {
        "id": 0,
        "description": "Não"
      },
      {
        "id": 1,
        "description": "Sim"
      }
    ]
  },
  {
    "key": "adm_ban24",
    "type": "radio",
    "label": "Possui rodameio?",
    "placeholder": "",
    "description": "",
    "default_value": 2,
    "additonal_type": null,
    "image": null,
    "options": [
      {
        "id": 0,
        "description": "Não"
      },
      {
        "id": 2,
        "description": "Sim"
      }
    ]
  },
  {
    "key": "adm_ban25",
    "type": "text",
    "label": "Qual a altura que a cerâmica 20 cm x 20 cm foi instalada?",
    "placeholder": "",
    "description": "",
    "default_value": "1,1",
    "additional_type": null
  },
  {
    "key": "adm_ban26",
    "type": "text",
    "label": "Qual a altura de parede que foi pintada?",
    "placeholder": "",
    "description": "",
    "default_value": "1,5",
    "additional_type": null
  },
  {
    "key": "adm_ban27",
    "type": "img_plus_input",
    "label": "O revestimento foi aplicado em todo o perímetro?",
    "placeholder": "",
    "description": "",
    "default_value": 0,
    "additonal_type": null,
    "image": null,
    "radio": [
      {
        "id": 0,
        "description": "Sim"
      },
      {
        "id": 2,
        "description": "Não"
      }
    ],
    "input": {
      "dependency": {
        "key": "radio",
        "value": 2
      },
      "fields": [
        {
          "key": "revestimento",
          "label": "Revestimento (em metros):"
        }
      ]
    }
  },
  {
    "key": "adm_ban28",
    "type": "img_plus_input",
    "label": "As divisórias de granito entre os vasos sanitários foram instaladas?",
    "placeholder": "",
    "description": "",
    "default_value": 0,
    "additonal_type": null,
    "image": "adm_ban3",
    "radio": [
      {
        "id": 0,
        "description": "Sim, com as seguintes dimensões:"
      },
      {
        "id": 2,
        "description": "Não"
      }
    ],
    "input": {
      "dependency": {
        "key": "radio",
        "value": 0
      },
      "fields": [
        {
          "key": "altura-a",
          "label": "Altura da divisória A:",
          "default_value": "1,8"
        },
        {
          "key": "largura-a",
          "label": "Largura da divisória A:",
          "default_value": "0,76"
        },
        {
          "key": "qtd-a",
          "label": "Quantidade da divisória A:",
          "default_value": "1"
        },
        {
          "key": "altura-b",
          "label": "Altura da divisória B:",
          "default_value": "1,8"
        },
        {
          "key": "largura-b",
          "label": "Largura da divisória B:",
          "default_value": "1,05"
        },
        {
          "key": "qtd-b",
          "label": "Quantidade da divisória B:",
          "default_value": "1"
        },
        {
          "key": "altura-c",
          "label": "Altura da divisória C:",
          "default_value": "1,8"
        },
        {
          "key": "largura-c",
          "label": "Largura da divisória C:",
          "default_value": "0,24"
        },
        {
          "key": "qtd-c",
          "label": "Quantidade da divisória C:",
          "default_value": "1"
        }
      ]
    }
  },
  {
    "key": "adm_ban29",
    "type": "text",
    "label": "Quantos vasos sanitários foram instalados?",
    "placeholder": "",
    "description": "",
    "default_value": "2",
    "additional_type": null
  },
  {
    "key": "adm_ban211",
    "type": "img_plus_input",
    "label": "A bancada de granito foi instalada?",
    "placeholder": "",
    "description": "",
    "default_value": 0,
    "additonal_type": null,
    "image": null,
    "radio": [
      {
        "id": 0,
        "description": "Sim"
      },
      {
        "id": 2,
        "description": "Não"
      }
    ],
    "input": {
      "dependency": {
        "key": "radio",
        "value": 0
      },
      "fields": [
        {
          "key": "comp",
          "label": "Qual o comprimento da bancada?",
          "default_value": "1,17"
        },
        {
          "key": "larg",
          "label": "Qual a largura da bancada?",
          "default_value": "0,5"
        }
      ]
    }
  },
  {
    "key": "adm_ban212",
    "type": "picker",
    "label": "Qual tipo de piso foi instalado?",
    "description": "Selecionar alguma opção",
    "placeholder": "exemplo",
    "default_value": "Granitina",
    "aditional_type": null,
    "options": [
      "Bloco de concreto intertravado",
      "Cerâmico",
      "Cimento desempenado",
      "Granitina",
      "Outros"
    ]
  }
]
