[
  {
    "key": "adm_externo1",
    "type": "radio",
    "label": "O teto foi pintado?",
    "placeholder": "",
    "description": "",
    "default_value": 1,
    "additonal_type": null,
    "image": null,
    "options": [
      {
        "id": 0,
        "description": "Não"
      },
      {
        "id": 1,
        "description": "Sim"
      }
    ]
  },
  {
    "key": "adm_externo2",
    "type": "text",
    "label": "Qual altura foi pintado?",
    "placeholder": "",
    "description": "",
    "default_value": "2,1",
    "additional_type": null
  },
  {
    "key": "adm_externo3",
    "type": "text",
    "label": "Qual altura da faixa inferior de cerâmica 10x10? instalada",
    "placeholder": "",
    "description": "",
    "default_value": "0,5",
    "additional_type": null
  },
  {
    "key": "adm_externo4",
    "type": "radio",
    "label": "A faixa superior de cerâmica 10x10 cm foi instalada?",
    "placeholder": "",
    "description": "",
    "default_value": 1,
    "additonal_type": null,
    "image": null,
    "options": [
      {
        "id": 0,
        "description": "Não"
      },
      {
        "id": 1,
        "description": "Sim"
      }
    ]
  },
  {
    "key": "adm_externo5",
    "type": "radio",
    "label": "Os triangulos da coberta foram revestidos com cerâmica 10x10 cm?",
    "placeholder": "",
    "description": "",
    "default_value": 1,
    "additonal_type": null,
    "image": null,
    "options": [
      {
        "id": 0,
        "description": "Não"
      },
      {
        "id": 1,
        "description": "Sim"
      }
    ]
  },
  {
    "key": "adm_externo6",
    "type": "img_plus_input",
    "label": "O revestimento foi aplicado em todo o perímetro?",
    "placeholder": "",
    "description": "",
    "default_value": 0,
    "additonal_type": null,
    "image": null,
    "radio": [
      {
        "id": 0,
        "description": "Sim"
      },
      {
        "id": 2,
        "description": "Não"
      }
    ],
    "input": {
      "dependency": {
        "key": "radio",
        "value": 2
      },
      "fields": [
        {
          "key": "revestimento",
          "label": "Revestimento (em metros):"
        }
      ]
    }
  },
  {
    "key": "adm_externo7",
    "type": "radio",
    "label": "As calhas de concreto foram impermeabilizadas?",
    "placeholder": "",
    "description": "",
    "default_value": 1,
    "additonal_type": null,
    "image": null,
    "options": [
      {
        "id": 0,
        "description": "Não"
      },
      {
        "id": 1,
        "description": "Sim"
      }
    ]
  },
  {
    "key": "adm_externo8",
    "type": "text",
    "label": "Quantas luminárias de sobrepor com 2 lâmpadas 32W foram instaladas?",
    "placeholder": "",
    "description": "",
    "default_value": "3",
    "additional_type": null
  },
  {
    "key": "adm_externo9",
    "type": "picker",
    "label": "Qual tipo de piso foi instalado?",
    "description": "Selecionar alguma opção",
    "placeholder": "exemplo",
    "default_value": "Granitina",
    "aditional_type": null,
    "options": [
      "Bloco de concreto intertravado",
      "Cerâmico",
      "Cimento desempenado",
      "Granitina",
      "Outros"
    ]
  },
  {
    "key": "adm_externo10",
    "type": "img_plus_input",
    "label": "A estrutura do prédio está compatível com a dimensão da construção?",
    "placeholder": "",
    "description": "",
    "default_value": "0",
    "additonal_type": null,
    "image": null,
    "radio": [
      {
        "id": 0,
        "description": "Sim"
      },
      {
        "id": 2,
        "description": "Não"
      }
    ],
    "input": {
      "dependency": {
        "key": "radio",
        "value": 2
      },
      "fields": [
        {
          "key": "obs",
          "label": "Descreva melhor:"
        }
      ]
    }
  }
]
