[
  {
    "key": "adm_sec1",
    "type": "img_plus_input",
    "label": "Complete com as medidas em metros nos itens a seguir:",
    "placeholder": "",
    "description": "",
    "default_value": "Saliva de pirulito",
    "additonal_type": null,
    "image": "adm_rec1",
    "radio": null,
    "input": {
      "dependency": null,
      "fields": [
        {
          "key": "A",
          "label": "A - ",
          "default_value": "2,25"
        },
        {
          "key": "B",
          "label": "B - ",
          "default_value": "2,4"
        },
        {
          "key": "C",
          "label": "C - ",
          "default_value": "4,65"
        },
        {
          "key": "D",
          "label": "D - ",
          "default_value": "4,05"
        },
        {
          "key": "Area",
          "label": "Area - ",
          "default_value": "24,24"
        },
        {
          "key": "Perimetro",
          "label": "Perimetro - ",
          "default_value": "22,2"
        }
      ]
    }
  },
  {
    "key": "adm_sec2",
    "type": "img_plus_input",
    "label": "De acordo as descrições apresentadas, verifique se as esquadrias foram instaladas corretamente:",
    "placeholder": "",
    "description": "",
    "default_value": "Saliva de pirulito",
    "additonal_type": null,
    "image": "adm_rec2",
    "radio": null,
    "input": {
      "dependency": null,
      "fields": [
        {
          "key": "p05",
          "label": "Quantidade instalada P05?",
          "default_value": "1"
        },
        {
          "key": "ef19",
          "label": "Quantidade instalada EF 19?",
          "default_value": "1"
        },
        {
          "key": "ef24",
          "label": "Quantidade instalada EF 24?",
          "default_value": "1"
        }
      ]
    }
  },
  {
    "key": "adm_sec10",
    "type": "text",
    "label": "Quantas luminárias de sobrepor com 2 lâmpadas 32W foram instaladas?",
    "placeholder": "",
    "description": "",
    "default_value": "5",
    "additional_type": null
  },
  {
    "key": "adm_sec3",
    "type": "img_plus_input",
    "label": "A bancada de granito do balcão de atendimento foi instalada?",
    "placeholder": "",
    "description": "",
    "default_value": 2,
    "additonal_type": null,
    "image": null,
    "radio": [
      {
        "id": 0,
        "description": "Não"
      },
      {
        "id": 2,
        "description": "Sim, com as seguintes dimensões em  metros:"
      }
    ],
    "input": {
      "dependency": {
        "key": "radio",
        "value": 2
      },
      "fields": [
        {
          "key": "Comprimento",
          "label": "Comprimento: ",
          "default_value": "1,98"
        },
        {
          "key": "Largura",
          "label": "Largura: ",
          "default_value": "0,8"
        }
      ]
    }
  },
  {
    "key": "adm_sec4",
    "type": "radio",
    "label": "O teto foi pintado?",
    "placeholder": "",
    "description": "",
    "default_value": 2,
    "additonal_type": null,
    "image": null,
    "options": [
      {
        "id": 0,
        "description": "Não"
      },
      {
        "id": 2,
        "description": "Sim"
      }
    ]
  },
  {
    "key": "adm_sec",
    "type": "radio",
    "label": "Possui rodameio?",
    "placeholder": "",
    "description": "",
    "default_value": 2,
    "additonal_type": null,
    "image": null,
    "options": [
      {
        "id": 0,
        "description": "Não"
      },
      {
        "id": 2,
        "description": "Sim"
      }
    ]
  },
  {
    "key": "adm_sec5",
    "type": "text",
    "label": "Qual a altura que a cerâmica 20 cm x 20 cm foi instalada?",
    "placeholder": "",
    "description": "",
    "default_value": "1,1",
    "additional_type": null
  },
  {
    "key": "adm_sec6",
    "type": "text",
    "label": "Qual a altura foi pintada?",
    "placeholder": "",
    "description": "",
    "default_value": "1,5",
    "additional_type": null
  },
  {
    "key": "adm_sec7",
    "type": "img_plus_input",
    "label": "O revestimento foi aplicado em todo perímetro?",
    "placeholder": "",
    "description": "",
    "default_value": 2,
    "additonal_type": null,
    "image": null,
    "radio": [
      {
        "id": 0,
        "description": "Não"
      },
      {
        "id": 2,
        "description": "Sim"
      }
    ],
    "input": {
      "dependency": {
        "key": "radio",
        "value": 0
      },
      "fields": [
        {
          "key": "revestimento",
          "label": "Não, em:"
        }
      ]
    }
  },
  {
    "key": "adm_sec8",
    "type": "picker",
    "label": "Qual o tipo de piso que foi instalado?",
    "description": "Selecionar alguma opção",
    "placeholder": "exemplo",
    "default_value": "Granitina",
    "aditional_type": null,
    "options": [
      "Bloco de concreto intertravado",
      "Cerâmico",
      "Cimento desempenado",
      "Granitina",
      "Outros"
    ]
  }
]
