[
  {
    "key": "adm_direx1",
    "type": "img_plus_input",
    "label": "Complete com as medidas em metros nos itens a seguir:",
    "placeholder": "",
    "description": "",
    "default_value": "Saliva de pirulito",
    "additonal_type": null,
    "image": "adm_direx1",
    "radio": null,
    "input": {
      "dependency": null,
      "fields": [
        {
          "key": "A",
          "label": "A - ",
          "default_value": "3,45"
        },
        {
          "key": "B",
          "label": "B - ",
          "default_value": "2,29"
        },
        {
          "key": "C",
          "label": "C - ",
          "default_value": "3,45"
        },
        {
          "key": "D",
          "label": "D - ",
          "default_value": "2,29"
        },
        {
          "key": "Pe-direito",
          "label": "Pe-direito - ",
          "default_value": "2,6"
        }
      ]
    }
  },
  {
    "key": "adm_direx2",
    "type": "img_plus_input",
    "label": "De acordo as descrições apresentadas, verifique se as esquadrias foram instaladas corretamente:",
    "placeholder": "",
    "description": "",
    "default_value": "Saliva de pirulito",
    "additonal_type": null,
    "image": "adm_direx2",
    "radio": null,
    "input": {
      "dependency": null,
      "fields": [
        {
          "key": "p05",
          "label": "Quantidade instalada P05?",
          "default_value": "1"
        },
        {
          "key": "ef23",
          "label": "Quantidade instalada EF 28?",
          "default_value": "1"
        }
      ]
    }
  },
  {
    "key": "adm_direx10",
    "type": "text",
    "label": "Quantas luminárias de sobrepor com 2 lâmpadas 32W foram instaladas?",
    "placeholder": "",
    "description": "",
    "default_value": "3",
    "additional_type": null
  },
  {
    "key": "adm_direx3",
    "type": "radio",
    "label": "O teto foi pintado?",
    "placeholder": "",
    "description": "",
    "default_value": 1,
    "additonal_type": null,
    "image": null,
    "options": [
      {
        "id": 0,
        "description": "Não"
      },
      {
        "id": 1,
        "description": "Sim"
      }
    ]
  },
  {
    "key": "adm_direx",
    "type": "radio",
    "label": "Possui rodameio?",
    "placeholder": "",
    "description": "",
    "default_value": 2,
    "additonal_type": null,
    "image": null,
    "options": [
      {
        "id": 0,
        "description": "Não"
      },
      {
        "id": 2,
        "description": "Sim"
      }
    ]
  },
  {
    "key": "adm_direx4",
    "type": "text",
    "label": "Qual a altura que a cerâmica 20 cm x 20 cm foi instalada?",
    "placeholder": "",
    "description": "",
    "default_value": "1,1",
    "additional_type": null
  },
  {
    "key": "adm_direx5",
    "type": "text",
    "label": "Qual a altura que foi pintada?",
    "placeholder": "",
    "description": "",
    "default_value": "1,5",
    "additional_type": null
  },
  {
    "key": "adm_direx6",
    "type": "img_plus_input",
    "label": "O revestimento foi aplicado em todo perímetro?",
    "placeholder": "",
    "description": "",
    "default_value": 2,
    "additonal_type": null,
    "image": null,
    "radio": [
      {
        "id": 0,
        "description": "Não"
      },
      {
        "id": 2,
        "description": "Sim"
      }
    ],
    "input": {
      "dependency": {
        "key": "radio",
        "value": 0
      },
      "fields": [
        {
          "key": "revestimento",
          "label": "Não, em:"
        }
      ]
    }
  },
  {
    "key": "adm_direx7",
    "type": "picker",
    "label": "Qual tipo de piso foi instalado?",
    "description": "Selecionar alguma opção",
    "placeholder": "exemplo",
    "default_value": "Granitina",
    "aditional_type": null,
    "options": [
      "Bloco de concreto intertravado",
      "Cerâmico",
      "Cimento desempenado",
      "Granitina",
      "Outros"
    ]
  }
]
