[
  {
    "key": "ae1",
    "type": "radio",
    "label": "O anfiteatro foi executado?",
    "placeholder": "",
    "description": "",
    "default_value": 1,
    "additonal_type": null,
    "image": null,
    "options": [
      {
        "id": 0,
        "description": "Não"
      },
      {
        "id": 1,
        "description": "Sim"
      }
    ]
  },
  {
    "key": "ae2",
    "type": "radio",
    "label": "As hastes das bandeiras foram instaladas?",
    "placeholder": "",
    "description": "",
    "default_value": 1,
    "additonal_type": null,
    "image": null,
    "options": [
      {
        "id": 0,
        "description": "Não"
      },
      {
        "id": 1,
        "description": "Sim"
      }
    ]
  },
  {
    "key": "ae3",
    "type": "img_plus_input",
    "label": "Foi feita a pavimentação em blocket do estacionamento?",
    "placeholder": "",
    "description": "",
    "default_value": 2,
    "additonal_type": null,
    "image": "areaExterna",
    "radio": [
      {
        "id": 0,
        "description": "Não"
      },
      {
        "id": 2,
        "description": "Sim, com as seguintes dimensões:"
      }
    ],
    "input": {
      "dependency": {
        "key": "aeradio",
        "value": 2
      },
      "fields": [
        {
          "key": "aeA",
          "label": "A - ",
          "default_value": "10,2"
        },
        {
          "key": "aeB",
          "label": "B - ",
          "default_value": "4,5"
        },
        {
          "key": "aeC",
          "label": "C - ",
          "default_value": "14,98"
        },
        {
          "key": "aeD",
          "label": "D - ",
          "default_value": "5,5"
        },
        {
          "key": "aeE",
          "label": "E - ",
          "default_value": "4,5"
        },
        {
          "key": "aeF",
          "label": "F - ",
          "default_value": "9,18"
        },
        {
          "key": "aearea",
          "label": "AREA - ",
          "default_value": "169,6"
        },
        {
          "key": "aeperimetro",
          "label": "PERíMETRO - ",
          "default_value": "58,96"
        }
      ]
    }
  },
  {
    "key": "ae4",
    "type": "radio",
    "label": "A drenagem, por meio das calhas na calçada interna, foi executada?",
    "placeholder": "",
    "description": "",
    "default_value": 1,
    "additonal_type": null,
    "image": null,
    "options": [
      {
        "id": 0,
        "description": "Não"
      },
      {
        "id": 1,
        "description": "Sim"
      }
    ]
  },
  {
    "key": "ae5",
    "type": "img_plus_input",
    "label": "Foi instalada grama em toda a área externa?",
    "placeholder": "",
    "description": "",
    "default_value": 0,
    "additonal_type": null,
    "image": null,
    "radio": [
      {
        "id": 0,
        "description": "Sim"
      },
      {
        "id": 2,
        "description": "Não, apenas em (%) da área:"
      }
    ],
    "input": {
      "dependency": {
        "key": "aeradio2",
        "value": 2
      },
      "fields": [
        {
          "key": "aegrama",
          "label": ""
        }
      ]
    }
  },
  {
    "key": "ae6",
    "type": "radio",
    "label": "Foi feita a pavimentação com cimento desempenado?",
    "placeholder": "",
    "description": "",
    "default_value": 1,
    "additonal_type": null,
    "image": null,
    "options": [
      {
        "id": 0,
        "description": "Não"
      },
      {
        "id": 1,
        "description": "Sim"
      }
    ]
  },
  {
    "key": "ae7",
    "type": "radio",
    "label": "O playground foi executado?",
    "placeholder": "",
    "description": "",
    "default_value": 1,
    "additonal_type": null,
    "image": null,
    "options": [
      {
        "id": 0,
        "description": "Não"
      },
      {
        "id": 1,
        "description": "Sim"
      }
    ]
  }
]
