[
  {
    "key": "ciatel01",
    "type": "img_plus_input",
    "label": "Complete com as medidas em metros nos itens a seguir.",
    "placeholder": "",
    "description": "",
    "default_value": "Saliva de pirulito",
    "additonal_type": null,
    "image": "ciatel",
    "radio": null,
    "input": {
      "dependency": null,
      "fields": [
        {
          "key": "A",
          "label": "A - ",
          "default_value": "1,65"
        },
        {
          "key": "B",
          "label": "B - ",
          "default_value": "1,05"
        },
        {
          "key": "Pe-direito",
          "label": "Pé-direito - ",
          "default_value": "2,6"
        }
      ]
    }
  },
  {
    "key": "ciatel02",
    "type": "img_plus_input",
    "label": "Observe a descrição das esquadrias a seguir e verifique se elas foram instaladas corretamente. Informe os valores em metros:",
    "placeholder": "",
    "description": "",
    "default_value": "Saliva de pirulito",
    "additonal_type": null,
    "image": "tabelaciatel",
    "radio": null,
    "input": {
      "dependency": null,
      "fields": [
        {
          "key": "revestimento",
          "label": "Quantidade de P04:",
          "default_value": "1"
        }
      ]
    }
  },
  {
    "key": "ciatel05",
    "type": "radio",
    "label": "O teto foi pintado?",
    "placeholder": "",
    "description": "",
    "default_value": 1,
    "additonal_type": null,
    "image": null,
    "options": [
      {
        "id": 0,
        "description": "Não"
      },
      {
        "id": 1,
        "description": "Sim"
      }
    ]
  },
  {
    "key": "ciatel05",
    "type": "radio",
    "label": "Possui rodameio de cerâmica 10x10?",
    "placeholder": "",
    "description": "",
    "default_value": 1,
    "additonal_type": null,
    "image": null,
    "options": [
      {
        "id": 0,
        "description": "Não"
      },
      {
        "id": 1,
        "description": "Sim"
      }
    ]
  },
  {
    "key": "ciatel07",
    "type": "text",
    "label": "Qual a altura que a cerâmica 20 cm x 20 cm foi instalada?",
    "placeholder": "",
    "description": "",
    "default_value": "1,7",
    "additional_type": null
  },
  {
    "key": "ciatel08",
    "type": "text",
    "label": "Qual a altura de parede que foi pintada?",
    "placeholder": "",
    "description": "",
    "default_value": "0,8",
    "additional_type": null
  },
  {
    "key": "ciatel09",
    "type": "img_plus_input",
    "label": "O revestimento foi aplicado em todo o perímetro?",
    "placeholder": "",
    "description": "",
    "default_value": 0,
    "additonal_type": null,
    "image": null,
    "radio": [
      {
        "id": 0,
        "description": "Sim"
      },
      {
        "id": 2,
        "description": "Não, em "
      }
    ],
    "input": {
      "dependency": {
        "key": "radio",
        "value": 2
      },
      "fields": [
        {
          "key": "revestimento",
          "label": "Quantidade em metros:"
        }
      ]
    }
  },
  {
    "key": "ciatel13",
    "type": "picker",
    "label": "Qual tipo de piso foi instalado?",
    "description": "Selecionar alguma opção",
    "placeholder": "exemplo",
    "default_value": "Granitina",
    "aditional_type": null,
    "options": [
      "Bloco de concreto intertravado",
      "Cerâmico",
      "Cimento desempenado",
      "Granitina",
      "Outros"
    ]
  }
]
