[
  {
    "key": "crecheC101",
    "type": "img_plus_input",
    "label": "Complete com as medidas em metros nos itens a seguir",
    "placeholder": "",
    "description": "",
    "default_value": "",
    "additonal_type": null,
    "image": "crechec_creche1",
    "radio": null,
    "input": {
      "dependency": null,
      "fields": [
        {
          "key": "A",
          "label": "A - ",
          "default_value": "2,7"
        },
        {
          "key": "B",
          "label": "B - ",
          "default_value": "2,4"
        },
        {
          "key": "C",
          "label": "C - ",
          "default_value": "4,05"
        },
        {
          "key": "D",
          "label": "D - ",
          "default_value": "5,25"
        },
        {
          "key": "Pe-direito",
          "label": "Pe-direito(m) - ",
          "default_value": "3"
        }
      ]
    }
  },
  {
    "key":  "crecheC102",
    "type": "img_plus_input",
    "label": "Observe a descrição das esquadrias a seguir e verifique se elas foram instaladas corretamente.",
    "placeholder": "",
    "description": "",
    "default_value": 0,
    "additonal_type": null,
    "image": "crechec_creche1_esquadrias",
    "radio": [
      {
        "id": 0,
        "description": "Sim",
      },
      {
        "id": 1,
        "description": "Não",
      }
    ],
    "input": {
      "dependency": {
        "key": "radio",
        "value": 0
      },
      "fields": [
        {
          "key": "p01",
          "label": "Qual a quantidade instalada de P01?",
          "default_value": "2"
        },
        {
          "key": "ef17a",
          "label": "Qual a quantidade instalada de EF17A",
          "default_value": "1"
        },
        {
          "key": "ef19",
          "label": "Qual a quantidade instalada de EF19?",
          "default_value": "1"
        },
        {
          "key": "ef31",
          "label": "Qual a quantidade instalada de EF31",
          "default_value": "1"
        },
      ]
    }
  },
  {
    "key":  "crecheC103",
    "type": "text",
    "label": "Quantas luminárias de sobrepor com 2 lâmpadas 40W foram instaladas?",
    "placeholder": "",
    "description": "",
    "default_value": "3",
    "additional_type": null,
  },
  {
    "key":  "crecheC104",
    "type": "radio",
    "label": "O teto foi pintado?",
    "placeholder": "",
    "description": "",
    "default_value": 1,
    "additonal_type": null,
    "image": null,
    "options": [
      {
        "id": 1,
        "description": "Sim"
      },
      {
        "id": 0,
        "description": "Não"
      },

    ]
  },
  {
    "key":  "crecheC105",
    "type": "radio",
    "label": "Possui rodameio?",
    "placeholder": "",
    "description": "",
    "default_value": 1,
    "additonal_type": null,
    "image": null,
    "options": [
      {
        "id": 1,
        "description": "Sim"
      },
      {
        "id": 0,
        "description": "Não"
      },

    ]
  },
  {
      "key": "crecheC106",
      "type": "text",
      "label": "Qual a altura que a cerâmica 20cm x 20cm foi instalada?",
      "placeholder": "",
      "description": "",
      "default_value": "1",
      "additional_type": null,
    },
    {
      "key": "crecheC107",
      "type": "text",
      "label": "Qual a altura da parede que foi pintada?",
      "placeholder": "",
      "description": "",
      "default_value": "1,9",
      "additional_type": null,
    },
  {
    "key":  "crecheC108",
    "type": "img_plus_input",
    "label": "Os escaninhos foram instalados?",
    "placeholder": "",
    "description": "",
    "default_value": 0,
    "additonal_type": null,
    "image": null,
    "radio": [
      {
        "id": 0,
        "description": "Sim, com as seguintes dimensões",
      },
      {
        "id":1,
        "description": "Não",
      }
    ],
    "input": {
      "dependency": {
        "key": "radio",
        "value": 0
      },
      "fields": [
        {
          "key": "comprimentoh",
          "label": "Comprimento prateleiras horizontais",
          "default_value": "1,65",
        },
        {
          "key": "largurah",
          "label": "Largura prateleiras horizontais",
          "default_value": "0,4",
        },
        {
          "key": "qtdh",
          "label": "Quantidade de prateleiras horizontais",
          "default_value": "6",
        },
        {
          "key": "comprimentov",
          "label": "Comprimento prateleiras verticais",
          "default_value": "1,8",
        },
        {
          "key": "largurav",
          "label": "Largura prateleiras verticais",
          "default_value": "0,4",
        },
        {
          "key": "qtdv",
          "label": "Quantidade de prateleiras verticais",
          "default_value": "3",
        },
      ]
    }
  },
  {
    "key":  "crecheC109",
    "type": "img_plus_input",
    "label": "O revestimento foi aplicado em todo o perímetro?",
    "placeholder": "",
    "description": "",
    "default_value": 0,
    "additonal_type": null,
    "image": null,
    "radio": [
      {
        "id": 0,
        "description": "Sim",
      },
      {
        "id":1,
        "description": "Não, apenas:",
      }
    ],
    "input": {
      "dependency": {
        "key": "radio",
        "value": 1
      },
      "fields": [
        {
          "key": "comprimentoh",
          "label": "Perímetro aplicado:",
        },
      ]
    }
  },
  {
    "key": "crecheC110",
    "type": "img_plus_input",
    "label": "A bancada de granito foi instalada?",
    "placeholder": "",
    "description": "",
    "default_value": 0,
    "additonal_type": null,
    "image": null,
    "radio": [
      {
        "id": 0,
        "description": "Sim, com as seguintes dimensões:",
      },
      {
        "id": 1,
        "description": "Não",
      }
    ],
    "input": {
      "dependency": {
        "key": "radio",
        "value": 0
      },
      "fields": [
        {
          "key": "comprimento",
          "label": "Comprimento da bancada ",
          "default_value": "3,45",
        },
        {
          "key": "largura",
          "label": "Largura da bancada ",
          "default_value": "0,5",
        },
      ]
    }
  },
  {
    "key":  "crecheC111",
    "type": "picker",
    "label": "Qual tipo de piso foi instalado?",
    "description": "Selecionar alguma opção",
    "placeholder": "exemplo",
    "default_value": "Granitina",
    "aditional_type": null,
    "options": [
      "Bloco de concreto intertravado",
      "Cerâmico",
      "Cimento desempenado",
      "Granitina",
      "Outros"
    ]
  }
]
