[
  {
    "key": "refeitorio01",
    "type": "radio",
    "label": "Foi feita a coberta do refeitório?",
    "placeholder": "",
    "description": "",
    "default_value": 0,
    "additonal_type": null,
    "image": null,
    "options": [
      {
        "id": 0,
        "description": "Sim",
      },
      {
        "id": 1,
        "description": "Não",
      },
    ],
  },
  {
    "key": "refeitorio02",
    "type": "radio",
    "label": "As calhas de concreto foram impermeabilizadas?",
    "placeholder": "",
    "description": "",
    "default_value": 0,
    "additonal_type": null,
    "image": null,
    "options": [
      {
        "id": 0,
        "description": "Sim",
      },
      {
        "id": 1,
        "description": "Não",
      },
    ],
  },
  {
    "key": "refeitorio03",
    "type": "text",
    "label": "Quantas luminárias de sobrepor com 2 lâmpadas 40W foram instaladas?",
    "placeholder": "",
    "description": "",
    "default_value": "4",
    "additional_type": null,
  },
  {
    "key": "refeitorio04",
    "type": "img_plus_input",
    "label": "Complete com as medidas em metros nos itens a seguir",
    "placeholder": "",
    "description": "",
    "default_value": "",
    "additonal_type": null,
    "image": "crechec_refeitorio",
    "radio": null,
    "input": {
      "dependency": null,
      "fields": [
        {
          "key": "A",
          "label": "A - ",
          "default_value": "1,85",

        },
        {
          "key": "B",
          "label": "B - ",
          "default_value": "8,35",

        },
        {
          "key": "C",
          "label": "C - ",
          "default_value": "10,6",

        },
        {
          "key": "D",
          "label": "D - ",
          "default_value": "2,45",

        },
        {
          "key": "E",
          "label": "E - ",
          "default_value": "6,025",

        },
        {
          "key": "F",
          "label": "F - ",
          "default_value": "4,65",

        },
      ]
    }
  },
  {
    "key":  "refeitorio05",
    "type": "img_plus_input",
    "label": "A estrutura está compatível com a dimensão da construção?",
    "placeholder": "",
    "description": "",
    "default_value": 0,
    "additonal_type": null,
    "radio": [
      {
        "id": 0,
        "description": "Sim",
      },
      {
        "id": 1,
        "description": "Não",
      }
    ],
    "input": {
      "dependency": {
        "key": "radio",
        "value": 1
      },
      "fields": [
        {
          "key": "nota",
          "label": "Se necessário anote a seguir:",
          "default_value": 1,
        },
      ]
    }
  },

  {
    "key": "refeitorio06",
    "type": "text",
    "label": "Qual a altura que a cerâmica 10x10 cmfoi instalada?",
    "placeholder": "",
    "description": "",
    "default_value": "1,1",
    "additional_type": null,
  },
  {
    "key": "refeitorio07",
    "type": "radio",
    "label": "O restante do pilar foi pintado?",
    "placeholder": "",
    "description": "",
    "default_value": 0,
    "additonal_type": null,
    "image": null,
    "options": [
      {
        "id": 0,
        "description": "Sim",
      },
      {
        "id": 1,
        "description": "Não",
      },
    ],
  },
  {
    "key": "refeitorio08",
    "type": "img_plus_input",
    "label": "Foi construída a parede de cobogó atrás do refeitório?",
    "placeholder": "",
    "description": "",
    "default_value": 0,
    "additonal_type": null,
    "radio": [
      {
        "id": 0,
        "description": "Sim",
      },
      {
        "id": 1,
        "description": "Não",
      }
    ],
    "input": {
      "dependency": {
        "key": "radio",
        "value": 0
      },
      "fields": [
        {
          "key": "altura",
          "label": "Altura:",
          "default_value": 1,
        },
        {
          "key": "comprimento",
          "label": "Comprimento:",
          "default_value": 1,
        },
      ]
    }
  },

]
