[
  {
    "key": "crechec-carga01",
    "type": "img_plus_input",
    "label": "Complete com as medidas em metros nos itens a seguir:",
    "placeholder": "",
    "description": "",
    "default_value": "Saliva de pirulito",
    "additonal_type": null,
    "image": "crecheC_servico_carga",
    "radio": null,
    "input": {
      "dependency": null,
      "fields": [
        {
          "key": "A",
          "label": "A - ",
          "default_value": "3"
        },
        {
          "key": "B",
          "label": "B - ",
          "default_value": "1,79"
        },
        {
          "key": "Pe-direito",
          "label": "Pe-direito - ",
          "default_value": "3"
        }
      ]
    }
  },
  {
    "key": "crechec-carga02",
    "type": "img_plus_input",
    "label": "A parede de cobogó foi executada?",
    "placeholder": "",
    "description": "",
    "default_value": 2,
    "additonal_type": null,
    "image": null,
    "radio": [
      {
        "id": 0,
        "description": "Não"
      },
      {
        "id": 2,
        "description": "Sim"
      }
    ],
    "input": {
      "dependency": {
        "key": "radio",
        "value": 0
      },
      "fields": [
        {
          "key": "altura",
          "label": "Altura: ",
          "default_value": "0,9"
        },
        {
          "key": "comprimento",
          "label": "Comprimento: ",
          "default_value": "2,75"
        }
      ]
    }
  },
  {
    "key": "crechec-carga03",
    "type": "img_plus_input",
    "label": "As bancadas de granito foram instaladas?",
    "placeholder": "",
    "description": "",
    "default_value": 2,
    "additonal_type": null,
    "image": "servcozinha3",
    "radio": [
      {
        "id": 0,
        "description": "Não"
      },
      {
        "id": 2,
        "description": "Sim, com as seguintes dimensões em  metros:"
      }
    ],
    "input": {
      "dependency": {
        "key": "radio",
        "value": 2
      },
      "fields": [
        {
          "key": "Comprimento da bancada",
          "label": "Comprimento da bancada: ",
          "default_value": "1,95"
        },
        {
          "key": "Largura da bancada",
          "label": "Largura da bancada: ",
          "default_value": "0,59"
        }
      ]
    }
  },
  {
    "key": "crechec-carga04",
    "type": "picker",
    "label": "Qual tipo de piso foi instalado?",
    "description": "Selecionar alguma opção",
    "placeholder": "exemplo",
    "default_value": "Granitina",
    "aditional_type": null,
    "options": [
      "Bloco de concreto intertravado",
      "Cerâmico",
      "Cimento desempenado",
      "Granitina",
      "Outros"
    ]
  }
]
