[
  {
    "key": "crechec-despensa01",
    "type": "img_plus_input",
    "label": "Complete com as medidas em metros nos itens a seguir:",
    "placeholder": "",
    "description": "",
    "default_value": "Saliva de pirulito",
    "additonal_type": null,
    "image": "crechec_servico_despensa",
    "radio": null,
    "input": {
      "dependency": null,
      "fields": [
        {
          "key": "A",
          "label": "A - ",
          "default_value": "2,85"
        },
        {
          "key": "B",
          "label": "B - ",
          "default_value": "1,8"
        },
        {
          "key": "Pe-direito",
          "label": "Pe-direito - ",
          "default_value": "3"
        }
      ]
    }
  },
  {
    "key": "crechec-despensa02",
    "type": "img_plus_input",
    "label": "De acordo as descrições apresentadas, verifique se as esquadrias foram instaladas corretamente:",
    "placeholder": "",
    "description": "",
    "default_value": "Saliva de pirulito",
    "additonal_type": null,
    "image": "crechec_servico_despensa_tabela",
    "radio": null,
    "input": {
      "dependency": null,
      "fields": [
        {
          "key": "ef15",
          "label": "Quantidade instalada P03?",
          "default_value": "1"
        },
        {
          "key": "e21",
          "label": "Quantidade instalada EF71B?",
          "default_value": "1"
        }
      ]
    }
  },
  {
    "key": "crechec-despensa04",
    "type": "radio",
    "label": "O teto foi pintado?",
    "placeholder": "",
    "description": "",
    "default_value": 2,
    "additonal_type": null,
    "image": null,
    "options": [
      {
        "id": 0,
        "description": "Não"
      },
      {
        "id": 2,
        "description": "Sim"
      }
    ]
  },
  {
    "key": "crechec-despensa05",
    "type": "img_plus_input",
    "label": "A cerâmica 20 cm x 20 cm foi aplicada na parede toda?",
    "placeholder": "",
    "description": "",
    "default_value": 2,
    "additonal_type": null,
    "image": null,
    "radio": [
      {
        "id": 0,
        "description": "Não"
      },
      {
        "id": 2,
        "description": "Sim"
      }
    ],
    "input": {
      "dependency": {
        "key": "radio",
        "value": 0
      },
      "fields": [
        {
          "key": "revestimento",
          "label": "Não, em:"
        }
      ]
    }
  },
  {
    "key": "crechec-despensa06",
    "type": "img_plus_input",
    "label": "O revestimento foi aplicado em todo perímetro?",
    "placeholder": "",
    "description": "",
    "default_value": 2,
    "additonal_type": null,
    "image": null,
    "radio": [
      {
        "id": 0,
        "description": "Não"
      },
      {
        "id": 2,
        "description": "Sim"
      }
    ],
    "input": {
      "dependency": {
        "key": "radio",
        "value": 0
      },
      "fields": [
        {
          "key": "revestimento",
          "label": "Não, em:"
        }
      ]
    }
  },
  {
    "key": "crechec-despensa07",
    "type": "img_plus_input",
    "label": "As prateleiras foram instaladas?",
    "placeholder": "",
    "description": "",
    "default_value": 2,
    "additonal_type": null,
    "image": "crechec_servico_despensa2",
    "radio": [
      {
        "id": 0,
        "description": "Não"
      },
      {
        "id": 2,
        "description": "Sim, com as seguintes dimensões em  metros:"
      }
    ],
    "input": {
      "dependency": {
        "key": "radio",
        "value": 2
      },
      "fields": [
        {
          "key": "c1",
          "label": "Comprimento da prateleira 1: ",
          "default_value": "0,95"
        },
        {
          "key": "l1",
          "label": "Largura da prateleira 1: ",
          "default_value": "0,3"
        },
        {
          "key": "q1",
          "label": "Quantidade de prateleiras 1: ",
          "default_value": "7"
        },
        {
          "key": "Comprimento da bancada 2",
          "label": "Comprimento da prateleira 2: ",
          "default_value": "1,2"
        },
        {
          "key": "Largura da bancada 2",
          "label": "Largura da prateleira 2: ",
          "default_value": "0,3"
        },
        {
          "key": "q2",
          "label": "Quantidade de prateleiras 2: ",
          "default_value": "7"
        },
        {
          "key": "Comprimento da bancada 3",
          "label": "Comprimento da prateleira 3: ",
          "default_value": "1,2"
        },
        {
          "key": "Largura da bancada 3",
          "label": "Largura da prateleira 3: ",
          "default_value": "0,3"
        },
        {
          "key": "q3",
          "label": "Quantidade de prateleiras 3: ",
          "default_value": "7"
        }
      ]
    }
  },
  {
    "key": "crechec-despensa09",
    "type": "picker",
    "label": "Qual tipo de piso foi instalado?",
    "description": "Selecionar alguma opção",
    "placeholder": "exemplo",
    "default_value": "Granitina",
    "aditional_type": null,
    "options": [
      "Bloco de concreto intertravado",
      "Cerâmico",
      "Cimento desempenado",
      "Granitina",
      "Outros"
    ]
  }
]
