[
  {
    "key": "gasc01",
    "type": "img_plus_input",
    "label": "A caixa em alvenaria foi instalada?",
    "placeholder": "",
    "description": "",
    "default_value": 1,
    "additonal_type": null,
    "image": null,
    "radio": [
      {
        "id": 0,
        "description": "Não"
      },
      {
        "id": 1,
        "description": "Sim, com as seguintes dimensões:"
      }
    ],
    "input": {
      "dependency": {
        "key": "radio",
        "value": 1
      },
      "fields": [
        {
          "key": "larg",
          "label": "Largura:",
          "default_value": "0,95"
        },
        {
          "key": "compr",
          "label": "Comprimento:",
          "default_value": "1,7"
        },
        {
          "key": "alt",
          "label": "Altura:",
          "default_value": "1"
        }
      ]
    }
  },
  {
    "key": "gasc02",
    "type": "radio",
    "label": "Foi instalado gás?",
    "placeholder": "",
    "description": "",
    "default_value": 1,
    "additonal_type": null,
    "image": null,
    "options": [
      {
        "id": 0,
        "description": "Não"
      },
      {
        "id": 1,
        "description": "Sim"
      }
    ]
  },
  {
    "key": "gasc03",
    "type": "radio",
    "label": "A caixa em alvenaria foi revestida (pintada)?",
    "placeholder": "",
    "description": "",
    "default_value": 1,
    "additonal_type": null,
    "image": null,
    "options": [
      {
        "id": 0,
        "description": "Não"
      },
      {
        "id": 1,
        "description": "Sim"
      }
    ]
  },
]
