[
  {
    "key": "layout01",
    "type": "radio",
    "label": "O anfiteatro foi executado?",
    "placeholder": "",
    "description": "",
    "default_value": 1,
    "additonal_type": null,
    "image": null,
    "options": [
      {
        "id": 0,
        "description": "Não"
      },
      {
        "id": 1,
        "description": "Sim"
      }
    ]
  },
  {
    "key": "layout02",
    "type": "radio",
    "label": "As hastes das bandeiras foram instaladas?",
    "placeholder": "",
    "description": "",
    "default_value": 1,
    "additonal_type": null,
    "image": null,
    "options": [
      {
        "id": 0,
        "description": "Não"
      },
      {
        "id": 1,
        "description": "Sim"
      }
    ]
  },
  {
    "key": "layout03",
    "type": "radio",
    "label": "O playground executado?",
    "placeholder": "",
    "description": "",
    "default_value": 1,
    "additonal_type": null,
    "image": null,
    "options": [
      {
        "id": 0,
        "description": "Não"
      },
      {
        "id": 1,
        "description": "Sim"
      }
    ]
  },
  {
    "key": "layout04",
    "type": "img_plus_input",
    "label": "Verifique se a pavimentação das áreas destacadas a seguir foi realizada. Foram instaladas placas de concreto magro pré-fabricadas?",
    "placeholder": "",
    "description": "",
    "default_value":1,
    "additonal_type": null,
    "image": "placascimento",
    "radio": [
      {
        "id": 0,
        "description": "Não"
      },
      {
        "id": 1,
        "description": "Sim"
      }
    ]
  },
  {
    "key": "layout05",
    "type": "img_plus_input",
    "label": "Verifique se a pavimentação das áreas destacadas a seguir foi realizada. Foi plantada grama?",
    "placeholder": "",
    "description": "",
    "default_value":1,
    "additonal_type": null,
    "image": "grama",
    "radio": [
      {
        "id": 0,
        "description": "Não"
      },
      {
        "id": 1,
        "description": "Sim"
      }
    ]
  },
  {
    "key": "layout06",
    "type": "img_plus_input",
    "label": "Verifique se a pavimentação das áreas destacadas a seguir foi realizada. Foi feito piso de cimento desempenado?",
    "placeholder": "",
    "description": "",
    "default_value":1,
    "additonal_type": null,
    "image": "pisodecimento",
    "radio": [
      {
        "id": 0,
        "description": "Não"
      },
      {
        "id": 1,
        "description": "Sim"
      }
    ]
  },
  {
    "key": "layout07",
    "type": "img_plus_input",
    "label": "Verifique se a pavimentação das áreas destacadas a seguir foi realizada. Foi feito piso de pedra rolada?",
    "placeholder": "",
    "description": "",
    "default_value":1,
    "additonal_type": null,
    "image": "pedrarolada",
    "radio": [
      {
        "id": 0,
        "description": "Não"
      },
      {
        "id": 1,
        "description": "Sim"
      }
    ]
  },
  {
    "key": "layout08",
    "type": "img_plus_input",
    "label": "Verifique se a pavimentação das áreas destacadas a seguir foi realizada. Foram instalados blocretes intervalados?",
    "placeholder": "",
    "description": "",
    "default_value":1,
    "additonal_type": null,
    "image": "blocrete",
    "radio": [
      {
        "id": 0,
        "description": "Não"
      },
      {
        "id": 1,
        "description": "Sim"
      }
    ]
  }
]
