[
  {
    "key": "creche2banheiro1",
    "type": "img_plus_input",
    "label": "Complete com as medidas em metros nos itens a seguir.",
    "placeholder": "",
    "description": "",
    "default_value": "",
    "additonal_type": null,
    "image": "crechec_banheiro",
    "radio": null,
    "input": {
      "dependency": null,
      "fields": [
        {
          "key": "A",
          "label": "A - ",
          "default_value": "2,25",

        },
        {
          "key": "B",
          "label": "B - ",
          "default_value": "6,45",

        },
        {
          "key": "C",
          "label": "C - ",
          "default_value": "0,525",

        },
        {
          "key": "D",
          "label": "D - ",
          "default_value": "0,8",

        },
        {
          "key": "E",
          "label": "E - ",
          "default_value": "0,525",

        },
        {
          "key": "Pe-direito",
          "label": "Pe-direito - ",
          "default_value": "3",

        }
      ]
    }
  },
  {
    "key": "creche2banheiro2",
    "type": "img_plus_input",
    "label": "De acordo as descrições apresentadas, verifique se as esquadrias foram instaladas corretamente:",
    "placeholder": "",
    "description": "",
    "default_value": "",
    "additonal_type": null,
    "image": "crechec_esquadrias_banheiro",
    "radio": null,
    "input": {
      "dependency": null,
      "fields": [
        {
          "key": "p02",
          "label": "Quantidade instalada P02?",
          "default_value": "1",
        },
        {
          "key": "ef32",
          "label": "Quantidade instalada EF32?",
          "default_value": "6",
        },
      ]
    }
  },
  {
      "key": "creche2banheiro3",
      "type": "text",
      "label": "Quantas luminárias de sobrepor com 2 lâmpadas 32W foram instaladas?",
      "placeholder": "",
      "description": "",
      "default_value": "2",
      "additional_type": null,
  },
  {
    "key": "creche2banheiro4",
    "type": "text",
    "label": "Quantos vasos sanitários P.N.E foram instalados?",
    "placeholder": "",
    "description": "",
    "default_value": "1",
    "additional_type": null,
},
{
  "key": "creche2banheiro5",
  "type": "text",
  "label": "Quantos vasos sanitários 'infantil' foram instalados?",
  "placeholder": "",
  "description": "",
  "default_value": "2",
  "additional_type": null,
},
{
  "key": "creche2banheiro6",
  "type": "img_plus_input",
  "label": " As divisórias de granito entre os vasos sanitários foram instaladas?",
  "placeholder": "",
  "description": "",
  "default_value": 0,
  "additonal_type": null,
  "image": null,
  "radio": [
    {
      "id": 0,
      "description": "Sim, com as seguintes dimensões",
    },
    {
      "id": 1,
      "description": "Não",
    }
  ],
  "input": {
    "dependency": {
      "key": "radio",
      "value": 0
    },
    "fields": [
      {
        "key": "comp",
        "label": "Altura da divisória:",
        "default_value": "1,3",
      },
      {
        "key": "larg",
        "label": "Largura da divisória:",
        "default_value": "0,8",
      },
      {
        "key": "qtd",
        "label": "Quantidade de divisórias:",
        "default_value": "3",
      }
    ]
  }
},
{
  "key": "creche2banheiro7",
  "type": "img_plus_input",
  "label": "As prateleiras foram instaladas",
  "placeholder": "",
  "description": "",
  "default_value": 0,
  "additonal_type": null,
  "image": null,
  "radio": [
    {
      "id": 0,
      "description": "Sim",
    },
    {
      "id": 1,
      "description": "Não",
    }
  ],
  "input": {
    "dependency": {
      "key": "radio",
      "value": 0
    },
    "fields": [
      {
        "key": "compr",
        "label": "Comprimento:",
        "default_value": "1,65"
      },
      {
        "key": "larg",
        "label": "Largura:",
        "default_value": "0,5"

      },
      {
        "key": "qtd",
        "label": "Quantidade:",
        "default_value": "5"

      },
    ]
  }
},
{
  "key": "creche2banheiro8",
  "type": "radio",
  "label": "O banco de granito foi instalado?",
  "placeholder": "",
  "description": "",
  "default_value": 0,
  "additonal_type": null,
  "image": null,
  "options": [
    {
      "id": 0,
      "description": "Sim",
    },
    {
      "id": 1,
      "description": "Não",
    }
  ],
},
{
  "key": "creche2banheiro99",
  "type": "radio",
  "label": "A mureta dos chuveiros foi executada?",
  "placeholder": "",
  "description": "",
  "default_value": 0,
  "additonal_type": null,
  "image": null,
  "options": [
    {
      "id": 0,
      "description": "Sim",
    },
    {
      "id": 1,
      "description": "Não",
    }
  ],
},
  {
    "key": "creche2banheiro10",
    "type": "radio",
    "label": "O teto foi pintado?",
    "placeholder": "",
    "description": "",
    "default_value": 0,
    "additonal_type": null,
    "image": null,
    "options": [
      {
        "id": 0,
        "description": "Sim",
      },
      {
        "id": 1,
        "description": "Não",
      },
    ],
  },
  {
    "key": "creche2banheiro11",
    "type": "radio",
    "label": "Possui rodameio de cerâmica 10 cm x 10 cm?",
    "placeholder": "",
    "description": "",
    "default_value": 0,
    "additonal_type": null,
    "image": null,
    "options": [
      {
        "id": 0,
        "description": "Sim",
      },
      {
        "id": 1,
        "description": "Não",
      },
    ],
  },
  {
    "key": "creche2banheiro12",
    "type": "text",
    "label": "Qual a altura que a cerâmica 20 cm x 20 cm foi instalada?",
    "placeholder": "",
    "description": "",
    "default_value": "1,7",
    "additional_type": null,
  },
  {
    "key": "creche2banheiro13",
    "type": "text",
    "label": "Qual a altura foi pintada?",
    "placeholder": "",
    "description": "",
    "default_value": "1,2",
    "additional_type": null,
  },
  {
    "key": "creche2banheiro14",
    "type": "img_plus_input",
    "label": "O revestimento foi aplicado em todo o perímetro?",
    "placeholder": "",
    "description": "",
    "default_value": 0,
    "additonal_type": null,
    "image": null,
    "radio": [
      {
        "id": 0,
        "description": "Sim",
      },
      {
        "id": 1,
        "description": "Não",
      }
    ],
    "input": {
      "dependency": {
        "key": "radio",
        "value": 1
      },
      "fields": [
        {
          "key": "revestimento",
          "label": "Revestimento (em metros):",
        },
      ]
    }
  },
  {
    "key": "creche2banheiro9",
    "type": "picker",
    "label": "Qual tipo de piso foi instalado?",
    "description": "Selecionar alguma opção",
    "placeholder": "exemplo",
    "default_value": "Granitina",
    "aditional_type": null,
    "options": [
      "Bloco de concreto intertravado",
      "Cerâmico",
      "Cimento desempenado",
      "Granitina",
      "Outros"
    ]
  }
]
