[
  {
    "key": "creche301",
    "type": "img_plus_input",
    "label": "Complete com as medidas em metros nos itens a seguir",
    "placeholder": "",
    "description": "",
    "default_value": "Saliva de pirulito",
    "additonal_type": null,
    "image": "Foto7",
    "radio": null,
    "input": {
      "dependency": null,
      "fields": [
        {
          "key": "A",
          "label": "A - ",
        },
        {
          "key": "B",
          "label": "B - ",
        },
        {
          "key": "C",
          "label": "C - ",
        },
        {
          "key": "D",
          "label": "D - ",
        },
        {
          "key": "E",
          "label": "E - ",
        },
        {
          "key": "Area",
          "label": "Área (AB+CD) - ",
        },
        {
          "key": "Perimetro",
          "label": "Perímetro (2B + 2C + 2D + 2E) - ",
        },
        {
          "key": "Pe-direito",
          "label": "Pé-direito - ",
        }
      ]
    }
  },
  {
    "key":  "creche302",
    "type": "img_plus_input",
    "label": "Observe a descrição das esquadrias a seguir e verifique se elas foram instaladas corretamente.",
    "placeholder": "",
    "description": "",
    "default_value": "Saliva de pirulito",
    "additonal_type": null,
    "image": "tabelaCrecheIII",
    "radio": [
      {
        "id": 0,
        "description": "Sim",
      },
      {
        "id": 1,
        "description": "Não",
      }
    ],
    "input": {
      "dependency": {
        "key": "radio",
        "value": 0
      },
      "fields": [
        {
          "key": "revestimento",
          "label": "Qual a quantidade instalada de P01?",
        },
        {
          "key": "revestimento",
          "label": "Qual a quantidade instalada de EF 26",
        },
      ]
    }
  },
  {
    "key": "text3",
    "type": "text",
    "label": "Quantas luminárias de sobrepor com 2 lâmpadas 32W foram instaladas?",
    "placeholder": "",
    "description": "",
    "default_value": "",
    "additional_type": null,
  },
  {
    "key":  "creche303",
    "type": "img_plus_input",
    "label": "Observe o revestimento da creche III e complete com as medidas a seguir. O teto foi pintado?",
    "placeholder": "",
    "description": "",
    "default_value": "Saliva de pirulito",
    "additonal_type": null,
    "image": null,
    "radio": [
      {
        "id": 1,
        "description": "Sim",
      },
      {
        "id": 0,
        "description": "Não",
      },
    ],
  },
  {
    "key":  "creche304",
        "type": "img_plus_input",
    "label": "Observe o revestimento da creche III e complete com as medidas a seguir. Possui rodameio?",
    "placeholder": "",
    "description": "",
    "default_value": "Saliva de pirulito",
    "additonal_type": null,
    "image": null,
    "radio": [
      {
        "id": 1,
        "description": "Sim",
      },
      {
        "id": 0,
        "description": "Não",
      },

    ],
  },
  {
    "key":  "creche305",
    "type": "img_plus_input",
    "label": "Os escaninhos foram instalados? Se sim, qual o comprimento, largura e quantidade de prateleiras? (medida horizontal e vertical respectivamente em m):",
    "placeholder": "",
    "description": "",
    "default_value": "Saliva de pirulito",
    "additonal_type": null,
    "image": null,
    "radio": [
      {
        "id": 0,
        "description": "Sim",
      },
      {
        "id":
        1
        ,
        "description": "Não",
      }
    ],
    "input": {
      "dependency": {
        "key": "radio",
        "value": 0
      },
      "fields": [
        {
          "key": "revestimento",
          "label": "Comprimento das prateleiras ",
        },
        {
          "key": "revestimento",
          "label": "Largura das prateleiras ",
        },
        {
          "key": "revestimento",
          "label": "Quantidade de prateleiras",
        },
      ]
    }
  },

  {
    "key": "img_plus_input5",
    "type": "img_plus_input",
    "label": "A bancada de granito foi instalada?",
    "placeholder": "",
    "description": "",
    "default_value": "Saliva de pirulito",
    "additonal_type": null,
    "image": null,
    "radio": [
      {
        "id": 0,
        "description": "Sim, com as seguintes dimensões:",
      },
      {
        "id":
        1
        ,
        "description": "Não",
      }
    ],
    "input": {
      "dependency": {
        "key": "radio",
        "value": 0
      },
      "fields": [
        {
          "key": "revestimento",
          "label": "Comprimento da bancada: ",
        },
        {
          "key": "revestimento",
          "label": "Largura da bancada: ",
        },
      ]
    }
  },
  {
    "key":  "creche306",
    "type": "picker",
    "label": "Qual tipo de piso foi instalado?",
    "description": "Selecionar alguma opção",
    "placeholder": "exemplo",
    "default_value": "",
    "aditional_type": null,
    "options": [
      "Bloco de concreto intertravado",
      "Cerâmica",
      "Cimento desempenado",
      "Granitina",
      "Outros"
    ]
  }
]
