[
  {
    "key": "crechec-sanfem01",
    "type": "img_plus_input",
    "label": "Complete com as medidas em metros nos itens a seguir:",
    "placeholder": "",
    "description": "",
    "default_value": "Saliva de pirulito",
    "additonal_type": null,
    "image": "crechec_servico_sanfem1",
    "radio": null,
    "input": {
      "dependency": null,
      "fields": [
        {
          "key": "A",
          "label": "A - ",
          "default_value": "4,05"
        },
        {
          "key": "B",
          "label": "B - ",
          "default_value": "2,225"
        },
        {
          "key": "C",
          "label": "C - ",
          "default_value": "0,4"
        },
        {
          "key": "Pe-direito",
          "label": "Pe-direito - ",
          "default_value": "3"
        }
      ]
    }
  },
  {
    "key": "crechec-sanfem02",
    "type": "img_plus_input",
    "label": "De acordo as descrições apresentadas, verifique se as esquadrias foram instaladas corretamente:",
    "placeholder": "",
    "description": "",
    "default_value": "Saliva de pirulito",
    "additonal_type": null,
    "image": "crechec_servico_sanfem_tabela",
    "radio": null,
    "input": {
      "dependency": null,
      "fields": [
        {
          "key": "P05",
          "label": "Quantidade instalada P05?",
          "default_value": "1"
        },
        {
          "key": "e21",
          "label": "Quantidade instalada EF32?",
          "default_value": "1"
        },
        {
          "key": "pm04b",
          "label": "Quantidade instalada porta de madeira dos sanitários?",
          "default_value": "4"
        }
      ]
    }
  },
  {
    "key": "crechec-sanfem03",
    "type": "text",
    "label": "Quantas luminárias de sobrepor com 2 lâmpadas 40W foram instaladas?",
    "placeholder": "",
    "description": "",
    "default_value": "2",
    "additional_type": null
  },
  {
    "key": "crechec-sanfem04",
    "type": "radio",
    "label": "O teto foi pintado?",
    "placeholder": "",
    "description": "",
    "default_value": 2,
    "additonal_type": null,
    "image": null,
    "options": [
      {
        "id": 0,
        "description": "Não"
      },
      {
        "id": 2,
        "description": "Sim"
      }
    ]
  },
  {
    "key": "crechec-sanfem05",
    "type": "radio",
    "label": "Possui rodameio de cerâmica 10x10 cm?",
    "placeholder": "",
    "description": "",
    "default_value": 2,
    "additonal_type": null,
    "image": null,
    "options": [
      {
        "id": 0,
        "description": "Não"
      },
      {
        "id": 2,
        "description": "Sim"
      }
    ]
  },
  {
    "key": "crechec-sanfem06",
    "type": "text",
    "label": "Qual a altura da cerâmica 20 x 20 cm?",
    "placeholder": "",
    "description": "",
    "default_value": "1,7",
    "additional_type": null
  },
  {
    "key": "crechec-sanfem07",
    "type": "text",
    "label": "Qual a altura que foi pintada?",
    "placeholder": "",
    "description": "",
    "default_value": "1,2",
    "additional_type": null
  },
  {
    "key": "crechec-sanfem08",
    "type": "img_plus_input",
    "label": "O revestimento foi aplicado em todo perímetro?",
    "placeholder": "",
    "description": "",
    "default_value": 2,
    "additonal_type": null,
    "image": null,
    "radio": [
      {
        "id": 0,
        "description": "Não"
      },
      {
        "id": 2,
        "description": "Sim"
      }
    ],
    "input": {
      "dependency": {
        "key": "radio",
        "value": 0
      },
      "fields": [
        {
          "key": "revestimento",
          "label": "Não, em:"
        }
      ]
    }
  },
  {
    "key": "crechec-sanfem09",
    "type": "img_plus_input",
    "label": "As divisórias de granito entre os vasos sanitários e entre os chuveiros foram instalados?",
    "placeholder": "",
    "description": "",
    "default_value": 2,
    "additonal_type": null,
    "image": "crechec_servico_sanfem2",
    "radio": [
      {
        "id": 0,
        "description": "Não"
      },
      {
        "id": 2,
        "description": "Sim, com as seguintes dimensões em  metros:"
      }
    ],
    "input": {
      "dependency": {
        "key": "radio",
        "value": 2
      },
      "fields": [
        {
          "key": "c1",
          "label": "Altura da divisória A: ",
          "default_value": "1,8"
        },
        {
          "key": "l1",
          "label": "Largura da divisória A: ",
          "default_value": "1,04"
        },
        {
          "key": "q1",
          "label": "Quantidade da divisória A: ",
          "default_value": "3"
        },
        {
          "key": "c2",
          "label": "Altura da divisória B: ",
          "default_value": "1,8"
        },
        {
          "key": "l2",
          "label": "Largura da divisória B: ",
          "default_value": "0,4125"
        },
        {
          "key": "q2",
          "label": "Quantidade da divisória B: ",
          "default_value": "3"
        }
      ]
    }
  },
  {
    "key": "crechec-sanfem10",
    "type": "text",
    "label": "Quantos vasos sanitários foram instalados?",
    "placeholder": "",
    "description": "",
    "default_value": "2",
    "additional_type": null
  },
  {
    "key": "crechec-sanfem11",
    "type": "picker",
    "label": "Qual tipo de piso foi instalado?",
    "description": "Selecionar alguma opção",
    "placeholder": "exemplo",
    "default_value": "Granitina",
    "aditional_type": null,
    "options": [
      "Bloco de concreto intertravado",
      "Cerâmico",
      "Cimento desempenado",
      "Granitina",
      "Outros"
    ]
  }
]
