[
  {
    "key": "caixa01",
    "type": "img_plus_input",
    "label": "A caixa em alvenaria foi instalada?",
    "placeholder": "",
    "description": "",
    "default_value": 1,
    "additonal_type": null,
    "image": null,
    "radio": [
      {
        "id": 0,
        "description": "Não"
      },
      {
        "id": 1,
        "description": "Sim, com as seguintes dimensões:"
      }
    ],
    "input": {
      "dependency": {
        "key": "radio",
        "value": 1
      },
      "fields": [
          {
          "key": "larg",
          "label": "Largura:",
          "default_value": "1,6"
        },
        {
          "key": "compr",
          "label": "Comprimento:",
          "default_value": "1,1"
        },
        {
          "key": "alt",
          "label": "Altura:",
          "default_value": "1"
        }
      ]
    }
  },
  {
    "key": "caixa02",
    "type": "picker",
    "label": "As bombas foram instaladas?",
    "description": "Selecionar alguma opção",
    "placeholder": "exemplo",
    "default_value": "Sim, as duas",
    "aditional_type": null,
    "options": [
      "Sim, as duas",
      "Apenas uma",
      "Não desempenado",
    ]
  },
  {
    "key": "caixa03",
    "type": "radio",
    "label": "A caixa em alvenaria foi revestida (pintada)?",
    "placeholder": "",
    "description": "",
    "default_value": 1,
    "additonal_type": null,
    "image": null,
    "options": [
      {
        "id": 0,
        "description": "Não"
      },
      {
        "id": 1,
        "description": "Sim"
      }
    ]
  },
]
