[
  {
    "key": "crechec-cozinha01",
    "type": "img_plus_input",
    "label": "Complete com as medidas em metros nos itens a seguir:",
    "placeholder": "",
    "description": "",
    "default_value": "Saliva de pirulito",
    "additonal_type": null,
    "image": "crecheC_servico_cozinha",
    "radio": null,
    "input": {
      "dependency": null,
      "fields": [
        {
          "key": "A",
          "label": "A - ",
          "default_value": "7,05"
        },
        {
          "key": "B",
          "label": "B - ",
          "default_value": "4,05"
        },
        {
          "key": "C",
          "label": "C - ",
          "default_value": "2,85"
        },
        {
          "key": "D",
          "label": "D - ",
          "default_value": "3,4"
        },
        {
          "key": "E",
          "label": "E - ",
          "default_value": "4,65"
        },
        {
          "key": "Pe-direito",
          "label": "Pe-direito - ",
          "default_value": "3"
        }
      ]
    }
  },
  {
    "key": "crechec-cozinha02",
    "type": "img_plus_input",
    "label": "De acordo as descrições apresentadas, verifique se as esquadrias foram instaladas corretamente:",
    "placeholder": "",
    "description": "",
    "default_value": "Saliva de pirulito",
    "additonal_type": null,
    "image": "crecheC_servico_cozinha_tabela",
    "radio": null,
    "input": {
      "dependency": null,
      "fields": [
        {
          "key": "ef15",
          "label": "Quantidade instalada P03?",
          "default_value": "2"
        },
        {
          "key": "e21",
          "label": "Quantidade instalada EF71B?",
          "default_value": "5"
        },
        {
          "key": "pm04b",
          "label": "Quantidade instalada PM04C?",
          "default_value": "2"
        }
      ]
    }
  },
  {
    "key": "crechec-cozinha03",
    "type": "text",
    "label": "Quantas luminárias de sobrepor com 2 lâmpadas 40W foram instaladas?",
    "placeholder": "",
    "description": "",
    "default_value": "5",
    "additional_type": null
  },
  {
    "key": "crechec-cozinha04",
    "type": "radio",
    "label": "O teto foi pintado?",
    "placeholder": "",
    "description": "",
    "default_value": 2,
    "additonal_type": null,
    "image": null,
    "options": [
      {
        "id": 0,
        "description": "Não"
      },
      {
        "id": 2,
        "description": "Sim"
      }
    ]
  },
  {
    "key": "crechec-cozinha05",
    "type": "img_plus_input",
    "label": "A cerâmica 20 cm x 20 cm foi aplicada na parede toda?",
    "placeholder": "",
    "description": "",
    "default_value": 2,
    "additonal_type": null,
    "image": null,
    "radio": [
      {
        "id": 0,
        "description": "Não"
      },
      {
        "id": 2,
        "description": "Sim"
      }
    ],
    "input": {
      "dependency": {
        "key": "radio",
        "value": 0
      },
      "fields": [
        {
          "key": "revestimento",
          "label": "Não, em:"
        }
      ]
    }
  },
  {
    "key": "crechec-cozinha06",
    "type": "img_plus_input",
    "label": "O revestimento foi aplicado em todo perímetro?",
    "placeholder": "",
    "description": "",
    "default_value": 2,
    "additonal_type": null,
    "image": null,
    "radio": [
      {
        "id": 0,
        "description": "Não"
      },
      {
        "id": 2,
        "description": "Sim"
      }
    ],
    "input": {
      "dependency": {
        "key": "radio",
        "value": 0
      },
      "fields": [
        {
          "key": "revestimento",
          "label": "Não, em:"
        }
      ]
    }
  },
  {
    "key": "crechec-cozinha07",
    "type": "img_plus_input",
    "label": "As bancadas de granito foram instaladas?",
    "placeholder": "",
    "description": "",
    "default_value": 2,
    "additonal_type": null,
    "image": "crecheC_servico_cozinha2",
    "radio": [
      {
        "id": 0,
        "description": "Não"
      },
      {
        "id": 2,
        "description": "Sim, com as seguintes dimensões em  metros:"
      }
    ],
    "input": {
      "dependency": {
        "key": "radio",
        "value": 2
      },
      "fields": [
        {
          "key": "Comprimento da bancada 1",
          "label": "Comprimento da bancada 1: ",
          "default_value": "1,8"
        },
        {
          "key": "Largura da bancada 1",
          "label": "Largura da bancada 1: ",
          "default_value": "0,6"
        },
        {
          "key": "Comprimento da bancada 2",
          "label": "Comprimento da bancada 2: ",
          "default_value": "2,2"
        },
        {
          "key": "Largura da bancada 2",
          "label": "Largura da bancada 2: ",
          "default_value": "0,6"
        },
        {
          "key": "Comprimento da bancada 3",
          "label": "Comprimento da bancada 3: ",
          "default_value": "1,2"
        },
        {
          "key": "Largura da bancada 3",
          "label": "Largura da bancada 3: ",
          "default_value": "0,6"
        },
        {
          "key": "Comprimento da bancada 4",
          "label": "Comprimento da bancada 4: ",
          "default_value": "4,65"
        },
        {
          "key": "Largura da bancada 4",
          "label": "Largurada bancada 4: ",
          "default_value": "0,6"
        },
        {
          "key": "Comprimento da bancada 5",
          "label": "Comprimento da bancada 5: ",
          "default_value": "1,65"
        },
        {
          "key": "Largura da bancada 5",
          "label": "Largura da bancada 5: ",
          "default_value": "0,4"
        },
        {
          "key": "Comprimento da bancada 6",
          "label": "Comprimento da bancada 6: ",
          "default_value": "3,05"
        },
        {
          "key": "Largura da bancada 6",
          "label": "Largura da bancada 6: ",
          "default_value": "0,6"
        }
      ]
    }
  },
  {
    "key": "crechec-cozinha08",
    "type": "img_plus_input",
    "label": "As prateleiras foram instaladas?",
    "placeholder": "",
    "description": "",
    "default_value": 2,
    "additonal_type": null,
    "image": null,
    "radio": [
      {
        "id": 0,
        "description": "Não"
      },
      {
        "id": 2,
        "description": "Sim, com as seguintes dimensões:"
      }
    ],
    "input": {
      "dependency": {
        "key": "radio",
        "value": 2
      },
      "fields": [
        {
          "key": "comprimento",
          "label": "Comprimento da prateleira: ",
          "default_value": "1,05"
        },
        {
          "key": "largura",
          "label": "Largura da prateleira: ",
          "default_value": "0,65"
        },
        {
          "key": "qunatidade",
          "label": "Quantidade: ",
          "default_value": "4"
        }
      ]
    }
  },
  {
    "key": "crechec-cozinha09",
    "type": "picker",
    "label": "Qual tipo de piso foi instalado?",
    "description": "Selecionar alguma opção",
    "placeholder": "exemplo",
    "default_value": "Granitina",
    "aditional_type": null,
    "options": [
      "Bloco de concreto intertravado",
      "Cerâmico",
      "Cimento desempenado",
      "Granitina",
      "Outros"
    ]
  }
]
