[
  {
    "key": "crechec-pre-solarium21",
    "type": "img_plus_input",
    "label": "Complete com as medidas em metros nos itens a seguir:",
    "placeholder": "",
    "description": "",
    "default_value": "Saliva de pirulito",
    "additonal_type": null,
    "image": "crechec_pre_solarium2",
    "radio": null,
    "input": {
      "dependency": null,
      "fields": [
        {
          "key": "A",
          "label": "A - ",
          "default_value": "4,1"
        },
        {
          "key": "B",
          "label": "B - ",
          "default_value": "3,225"
        }
      ]
    }
  },
  {
    "key": "crechec-pre-solarium22",
    "type": "img_plus_input",
    "label": "As paredes do cobogó foram executadas?",
    "placeholder": "",
    "description": "",
    "default_value": 2,
    "additonal_type": null,
    "image": null,
    "radio": [
      {
        "id": 0,
        "description": "Não"
      },
      {
        "id": 2,
        "description": "Sim, com as seguintes dimensões em  metros:"
      }
    ],
    "input": {
      "dependency": {
        "key": "radio",
        "value": 2
      },
      "fields": [
        {
          "key": "a1",
          "label": "Altura 1: ",
          "default_value": "0,9"
        },
        {
          "key": "l1",
          "label": "Comprimento 1: ",
          "default_value": "3,95"
        },
        {
          "key": "a2",
          "label": "Altura 2: ",
          "default_value": "0,9"
        },
        {
          "key": "l1",
          "label": "Comprimento 2: ",
          "default_value": "3,075"
        }
      ]
    }
  },
  {
    "key": "crechec-pre-solarium23",
    "type": "img_plus_input",
    "label": "Foram instaladas vigas e pilares de madeira?",
    "placeholder": "",
    "description": "",
    "default_value": 2,
    "additonal_type": null,
    "image": null,
    "radio": [
      {
        "id": 0,
        "description": "Não"
      },
      {
        "id": 2,
        "description": "Sim, vigas e pilares"
      }
    ],
    "input": {
      "dependency": {
        "key": "radio",
        "value": 2
      },
      "fields": [
        {
          "key": "c1",
          "label": "Comprimento das vigas (m) 1: ",
          "default_value": "4,2"
        },
        {
          "key": "q1",
          "label": "Quantidade de vigas 1: ",
          "default_value": "3"
        },
        {
          "key": "c2",
          "label": "Comprimento das vigas (m) 2: ",
          "default_value": "0"
        },
        {
          "key": "q2",
          "label": "Quantidade de vigas 2: ",
          "default_value": "0"
        },
        {
          "key": "c3",
          "label": "Comprimento dos pilares (m) 1: ",
          "default_value": "3"
        },
        {
          "key": "q3",
          "label": "Quantidade de pilares 1: ",
          "default_value": "1"
        },
        {
          "key": "c4",
          "label": "Comprimento dos pilares (m) 2: ",
          "default_value": "0"
        },
        {
          "key": "q4",
          "label": "Quantidade de pilares 2: ",
          "default_value": "0"
        }
      ]
    }
  },
  {
    "key": "crechec-pre-solarium24",
    "type": "picker",
    "label": "Qual tipo de piso foi instalado?",
    "description": "Selecionar alguma opção",
    "placeholder": "exemplo",
    "default_value": "Granitina",
    "aditional_type": null,
    "options": [
      "Bloco de concreto intertravado",
      "Cerâmico",
      "Cimento desempenado",
      "Granitina",
      "Outros"
    ]
  }
]
