[
  {
    "key": "crechec-adm-banmas01",
    "type": "img_plus_input",
    "label": "Complete com as medidas em metros nos itens a seguir:",
    "placeholder": "",
    "description": "",
    "default_value": "Saliva de pirulito",
    "additonal_type": null,
    "image": "crechec_adm_banmas",
    "radio": null,
    "input": {
      "dependency": null,
      "fields": [
        {
          "key": "A",
          "label": "A - ",
          "default_value": "1,95"
        },
        {
          "key": "B",
          "label": "B - ",
          "default_value": "2,25"
        },
        {
          "key": "Pe-direito",
          "label": "Pe-direito - ",
          "default_value": "2,6"
        }
      ]
    }
  },
  {
    "key": "crechec-adm-banmas02",
    "type": "img_plus_input",
    "label": "De acordo as descrições apresentadas, verifique se as esquadrias foram instaladas corretamente:",
    "placeholder": "",
    "description": "",
    "default_value": "Saliva de pirulito",
    "additonal_type": null,
    "image": "crechec_adm_banmas_tabela",
    "radio": null,
    "input": {
      "dependency": null,
      "fields": [
        {
          "key": "P05",
          "label": "Quantidade instalada P02?",
          "default_value": "1"
        },
        {
          "key": "e21",
          "label": "Quantidade instalada EF32?",
          "default_value": "1"
        }
      ]
    }
  },
  {
    "key": "crechec-adm-banmas03",
    "type": "text",
    "label": "Quantas luminárias de sobrepor com 2 lâmpadas 40W foram instaladas?",
    "placeholder": "",
    "description": "",
    "default_value": "1",
    "additional_type": null
  },
  {
    "key": "crechec-adm-banmas04",
    "type": "text",
    "label": "Quantos vasos sanitários foram instaladas?",
    "placeholder": "",
    "description": "",
    "default_value": "1",
    "additional_type": null
  },
  {
    "key": "crechec-adm-banmas05",
    "type": "picker",
    "label": "Qual tipo de piso foi instalado?",
    "description": "Selecionar alguma opção",
    "placeholder": "exemplo",
    "default_value": "Granitina",
    "aditional_type": null,
    "options": [
      "Bloco de concreto intertravado",
      "Cerâmico",
      "Cimento desempenado",
      "Granitina",
      "Outros"
    ]
  },
  {
    "key": "crechec-adm-banmas06",
    "type": "radio",
    "label": "O teto foi pintado?",
    "placeholder": "",
    "description": "",
    "default_value": 2,
    "additonal_type": null,
    "image": null,
    "options": [
      {
        "id": 0,
        "description": "Não"
      },
      {
        "id": 2,
        "description": "Sim"
      }
    ]
  },
  {
    "key": "crechec-adm-banmas07",
    "type": "radio",
    "label": "Possui rodameio de cerâmica 10 x 10 cm?",
    "placeholder": "",
    "description": "",
    "default_value": 2,
    "additonal_type": null,
    "image": null,
    "options": [
      {
        "id": 0,
        "description": "Não"
      },
      {
        "id": 2,
        "description": "Sim"
      }
    ]
  },
  {
    "key": "crechec-adm-banmas08",
    "type": "text",
    "label": "Qual a altura da cerâmica 20 x 20 cm?",
    "placeholder": "",
    "description": "",
    "default_value": "1,7",
    "additional_type": null
  },
  {
    "key": "crechec-adm-banmas09",
    "type": "text",
    "label": "Qual a altura que foi pintada?",
    "placeholder": "",
    "description": "",
    "default_value": "0,8",
    "additional_type": null
  },
  {
    "key": "crechec-adm-banmas10",
    "type": "img_plus_input",
    "label": "O revestimento foi aplicado em todo o perímetro?",
    "placeholder": "",
    "description": "",
    "default_value": 2,
    "additonal_type": null,
    "image": null,
    "radio": [
      {
        "id": 0,
        "description": "Não"
      },
      {
        "id": 2,
        "description": "Sim"
      }
    ],
    "input": {
      "dependency": {
        "key": "radio",
        "value": 0
      },
      "fields": [
        {
          "key": "revestimento",
          "label": "Não, em:"
        }
      ]
    }
  }
]
