[
  {
    "key": "crechec-pre-sanfem01",
    "type": "img_plus_input",
    "label": "Complete com as medidas em metros nos itens a seguir:",
    "placeholder": "",
    "description": "",
    "default_value": "Saliva de pirulito",
    "additonal_type": null,
    "image": "crechec_pre_sanfem",
    "radio": null,
    "input": {
      "dependency": null,
      "fields": [
        {
          "key": "A",
          "label": "A - ",
          "default_value": "2,25"
        },
        {
          "key": "B",
          "label": "B - ",
          "default_value": "7,65"
        },
        {
          "key": "C",
          "label": "C - ",
          "default_value": "0,525"
        },
        {
          "key": "D",
          "label": "D - ",
          "default_value": "0,525"
        },
        {
          "key": "E",
          "label": "E - ",
          "default_value": "0,8"
        },
        {
          "key": "Pe-direito",
          "label": "Pe-direito - ",
          "default_value": "3"
        }
      ]
    }
  },
  {
    "key": "crechec-pre-sanfem02",
    "type": "img_plus_input",
    "label": "De acordo as descrições apresentadas, verifique se as esquadrias foram instaladas corretamente:",
    "placeholder": "",
    "description": "",
    "default_value": "Saliva de pirulito",
    "additonal_type": null,
    "image": "crechec_pre_sanfem_tabela",
    "radio": null,
    "input": {
      "dependency": null,
      "fields": [
        {
          "key": "P05",
          "label": "Quantidade instalada P02?",
          "default_value": "1"
        },
        {
          "key": "e21",
          "label": "Quantidade instalada EF32?",
          "default_value": "5"
        },
        {
          "key": "porta",
          "label": "Porta de madeira dos sanitários?",
          "default_value": "3"
        }
      ]
    }
  },
  {
    "key": "crechec-pre-sanfem03",
    "type": "text",
    "label": "Quantas luminárias de sobrepor com 2 lâmpadas 40W foram instaladas?",
    "placeholder": "",
    "description": "",
    "default_value": "2",
    "additional_type": null
  },
  {
    "key": "crechec-pre-sanfem04",
    "type": "text",
    "label": "Quantos vasos sanitários P.N.E foram instaladas?",
    "placeholder": "",
    "description": "",
    "default_value": "1",
    "additional_type": null
  },
  {
    "key": "crechec-pre-sanfem05",
    "type": "text",
    "label": "Quantos vasos sanitários comuns foram instaladas?",
    "placeholder": "",
    "description": "",
    "default_value": "2",
    "additional_type": null
  },
  {
    "key": "crechec-pre-sanfem06",
    "type": "img_plus_input",
    "label": "As divisórias de granito entre os vasos sanitários foram instaladas?",
    "placeholder": "",
    "description": "",
    "default_value": 2,
    "additonal_type": null,
    "image": "crechec_pre_sanfem2",
    "radio": [
      {
        "id": 0,
        "description": "Não"
      },
      {
        "id": 2,
        "description": "Sim, com as seguintes dimensões em  metros:"
      }
    ],
    "input": {
      "dependency": {
        "key": "radio",
        "value": 2
      },
      "fields": [
        {
          "key": "a1",
          "label": "Altura da divisória 1: ",
          "default_value": "1,3"
        },
        {
          "key": "l1",
          "label": "Largura da divisória 1: ",
          "default_value": "0,8"
        },
        {
          "key": "q1",
          "label": "Quantidade de divisórias 1: ",
          "default_value": "3"
        },
        {
          "key": "a2",
          "label": "Altura da divisória 2: ",
          "default_value": "1,3"
        },
        {
          "key": "l1",
          "label": "Largura da divisória 2: ",
          "default_value": "0,4525"
        },
        {
          "key": "q1",
          "label": "Quantidade de divisórias 2: ",
          "default_value": "1"
        }
      ]
    }
  },
  {
    "key": "crechec-pre-sanfem07",
    "type": "img_plus_input",
    "label": "As prateleiras foram instaladas?",
    "placeholder": "",
    "description": "",
    "default_value": 2,
    "additonal_type": null,
    "image": "crechec_pre_sanfem2",
    "radio": [
      {
        "id": 0,
        "description": "Não"
      },
      {
        "id": 2,
        "description": "Sim, com as seguintes dimensões em  metros:"
      }
    ],
    "input": {
      "dependency": {
        "key": "radio",
        "value": 2
      },
      "fields": [
        {
          "key": "c1",
          "label": "Comprimento da prateleira 1: ",
          "default_value": "2,25"
        },
        {
          "key": "l1",
          "label": "Largura da prateleira 1: ",
          "default_value": "0,5"
        },
        {
          "key": "q1",
          "label": "Quantidade de prateleiras 1: ",
          "default_value": "5"
        }
      ]
    }
  },
  {
    "key": "crechec-pre-sanfem08",
    "type": "radio",
    "label": "O banco de granito foi instalado?",
    "placeholder": "",
    "description": "",
    "default_value": 2,
    "additonal_type": null,
    "image": null,
    "options": [
      {
        "id": 0,
        "description": "Não"
      },
      {
        "id": 2,
        "description": "Sim"
      }
    ]
  },
  {
    "key": "crechec-pre-sanfem09",
    "type": "radio",
    "label": "A mureta dos chuveiros foi executada?",
    "placeholder": "",
    "description": "",
    "default_value": 2,
    "additonal_type": null,
    "image": null,
    "options": [
      {
        "id": 0,
        "description": "Não"
      },
      {
        "id": 2,
        "description": "Sim"
      }
    ]
  },
  {
    "key": "crechec-pre-sanfem10",
    "type": "radio",
    "label": "O teto foi pintado?",
    "placeholder": "",
    "description": "",
    "default_value": 2,
    "additonal_type": null,
    "image": null,
    "options": [
      {
        "id": 0,
        "description": "Não"
      },
      {
        "id": 2,
        "description": "Sim"
      }
    ]
  },
  {
    "key": "crechec-pre-sanfem11",
    "type": "radio",
    "label": "Possui rodameio de cerâmica 10 x 10 cm?",
    "placeholder": "",
    "description": "",
    "default_value": 2,
    "additonal_type": null,
    "image": null,
    "options": [
      {
        "id": 0,
        "description": "Não"
      },
      {
        "id": 2,
        "description": "Sim"
      }
    ]
  },
  {
    "key": "crechec-pre-sanfem12",
    "type": "text",
    "label": "Qual a altura da cerâmica 20 x 20 cm?",
    "placeholder": "",
    "description": "",
    "default_value": "1,7",
    "additional_type": null
  },
  {
    "key": "crechec-pre-sanfem13",
    "type": "text",
    "label": "Qual a altura que foi pintada?",
    "placeholder": "",
    "description": "",
    "default_value": "1,2",
    "additional_type": null
  },
  {
    "key": "crechec-pre-sanfem14",
    "type": "img_plus_input",
    "label": "O revestimento foi aplicado em todo o perímetro?",
    "placeholder": "",
    "description": "",
    "default_value": 2,
    "additonal_type": null,
    "image": null,
    "radio": [
      {
        "id": 0,
        "description": "Não"
      },
      {
        "id": 2,
        "description": "Sim"
      }
    ],
    "input": {
      "dependency": {
        "key": "radio",
        "value": 0
      },
      "fields": [
        {
          "key": "revestimento",
          "label": "Não, em:"
        }
      ]
    }
  },
  {
    "key": "crechec-pre-sanfem15",
    "type": "picker",
    "label": "Qual tipo de piso foi instalado?",
    "description": "Selecionar alguma opção",
    "placeholder": "exemplo",
    "default_value": "Granitina",
    "aditional_type": null,
    "options": [
      "Bloco de concreto intertravado",
      "Cerâmico",
      "Cimento desempenado",
      "Granitina",
      "Outros"
    ]
  }
]
