[
  {
    "key": "repousoC101",
    "type": "img_plus_input",
    "label": "Complete com as medidas em metros nos itens a seguir",
    "placeholder": "",
    "description": "",
    "default_value": "",
    "additonal_type": null,
    "image": "crechec_repouso",
    "radio": null,
    "input": {
      "dependency": null,
      "fields": [
        {
          "key": "A",
          "label": "A - ",
          "default_value": "4,8"
        },
        {
          "key": "B",
          "label": "B - ",
          "default_value": "2,25"
        },
        {
          "key": "Pe-direito",
          "label": "Pe-direito(m) - ",
          "default_value": "3"
        }
      ]
    }
  },
  {
    "key":  "repousoC102",
    "type": "img_plus_input",
    "label": "Observe a descrição das esquadrias a seguir e verifique se elas foram instaladas corretamente.",
    "placeholder": "",
    "description": "",
    "default_value": 0,
    "additonal_type": null,
    "image": "crechec_repouso_esquadria",
    "radio": [
      {
        "id": 0,
        "description": "Sim",
      },
      {
        "id": 1,
        "description": "Não",
      }
    ],
    "input": {
      "dependency": {
        "key": "radio",
        "value": 0
      },
      "fields": [
        {
          "key": "p05",
          "label": "Qual a quantidade instalada de P05?",
          "default_value": "1"
        },
        {
          "key": "ef19",
          "label": "Qual a quantidade instalada de EF19",
          "default_value": "2"
        },
        {
          "key": "ef17a",
          "label": "Qual a quantidade instalada de EF17A",
          "default_value": "1"
        },

      ]
    }
  },
  {
    "key":  "repousoC104",
    "type": "radio",
    "label": "O teto foi pintado?",
    "placeholder": "",
    "description": "",
    "default_value": 1,
    "additonal_type": null,
    "image": null,
    "options": [
      {
        "id": 1,
        "description": "Sim"
      },
      {
        "id": 0,
        "description": "Não"
      },

    ]
  },
  {
    "key":  "repousoC105",
    "type": "radio",
    "label": "Possui rodameio?",
    "placeholder": "",
    "description": "",
    "default_value": 1,
    "additonal_type": null,
    "image": null,
    "options": [
      {
        "id": 1,
        "description": "Sim"
      },
      {
        "id": 0,
        "description": "Não"
      },

    ]
  },
  {
      "key": "repousoC106",
      "type": "text",
      "label": "Qual a altura que a cerâmica 20cm x 20cm foi instalada?",
      "placeholder": "",
      "description": "",
      "default_value": "1",
      "additional_type": null,
    },
    {
      "key": "repousoC107",
      "type": "text",
      "label": "Qual a altura da parede que foi pintada?",
      "placeholder": "",
      "description": "",
      "default_value": "1,9",
      "additional_type": null,
    },
  {
    "key":  "repousoC108",
    "type": "img_plus_input",
    "label": "O revestimento foi aplicado em todo o perímetro?",
    "placeholder": "",
    "description": "",
    "default_value": 0,
    "additonal_type": null,
    "image": null,
    "radio": [
      {
        "id": 0,
        "description": "Sim",
      },
      {
        "id":1,
        "description": "Não, apenas:",
      }
    ],
    "input": {
      "dependency": {
        "key": "radio",
        "value": 1
      },
      "fields": [
        {
          "key": "comprimentoh",
          "label": "Perímetro aplicado:",
        },
      ]
    }
  },
  {
    "key":  "repousoC109",
    "type": "picker",
    "label": "Como foi construída a parede que divide o banho e a creche 1?",
    "description": "Selecionar alguma opção",
    "placeholder": "exemplo",
    "default_value": "Outros:",
    "aditional_type": null,
    "options": [
      "A parede possui pé direito igual às demais",
      "Não foi construída nenhuma parede",
      "Outros"
    ]
  },
  {
    "key":  "repousoC110",
    "type": "radio",
    "label": "Foi executado o fechamento do restante da parede do item 4 com vidro?",
    "placeholder": "",
    "description": "",
    "default_value": 1,
    "additonal_type": null,
    "image": null,
    "options": [
      {
        "id": 1,
        "description": "Sim"
      },
      {
        "id": 0,
        "description": "Não"
      },

    ]
  },
  {
    "key":  "repousoC111",
    "type": "picker",
    "label": "Qual tipo de piso foi instalado?",
    "description": "Selecionar alguma opção",
    "placeholder": "exemplo",
    "default_value": "Granitina",
    "aditional_type": null,
    "options": [
      "Bloco de concreto intertravado",
      "Cerâmico",
      "Cimento desempenado",
      "Granitina",
      "Outros"
    ]
  }
]
