[
  {
    "key": "areaexternaC1",
    "type": "radio",
    "label": "O teto foi pintado?",
    "placeholder": "",
    "description": "",
    "default_value": 1,
    "additonal_type": null,
    "image": null,
    "options": [
      {
        "id": 0,
        "description": "Não"
      },
      {
        "id": 1,
        "description": "Sim"
      }
    ]
  },
  {
    "key": "areaexternaC2",
    "type": "text",
    "label": "Qual a altura da faixa inferior de cerâmica 10x10 cm?",
    "placeholder": "",
    "description": "",
    "default_value": "0,5",
    "additional_type": null
  },
  {
    "key": "areaexternaC3",
    "type": "text",
    "label": "Qual a altura foi que pintada?",
    "placeholder": "",
    "description": "",
    "default_value": "2,5",
    "additional_type": null
  },
  {
    "key": "areaexternaC4",
    "type": "radio",
    "label": "Foi feita a moldura com cerâmica 10x10 cm em volta das esquadrias?",
    "placeholder": "",
    "description": "",
    "default_value": 1,
    "additonal_type": null,
    "image": null,
    "options": [
      {
        "id": 0,
        "description": "Não"
      },
      {
        "id": 1,
        "description": "Sim"
      }
    ]
  },
  {
    "key": "areaexternaC5",
    "type": "radio",
    "label": "As calhas de concreto foram impermeabilizadas?",
    "placeholder": "",
    "description": "",
    "default_value": 1,
    "additonal_type": null,
    "image": null,
    "options": [
      {
        "id": 0,
        "description": "Não"
      },
      {
        "id": 1,
        "description": "Sim"
      }
    ]
  },
  {
    "key": "adm_externo6",
    "type": "img_plus_input",
    "label": "A estrutura do prédio está compatível com a dimensão da construção?",
    "placeholder": "",
    "description": "",
    "default_value": 0,
    "additonal_type": null,
    "image": null,
    "radio": [
      {
        "id": 1,
        "description": "Não"
      },

      {
        "id": 0,
        "description": "Sim"
      },
    ],
    "input": {
      "dependency": {
        "key": "radio",
        "value": 1
      },
      "fields": [
        {
          "key": "obs",
          "label": "Descreva melhor:"
        }
      ]
    }
  }
]
