[
  {
    "key": "patio01",
    "type": "img_plus_input",
    "label": "Complete com as medidas em metros nos itens a seguir",
    "placeholder": "",
    "description": "",
    "default_value": "",
    "additonal_type": null,
    "image": "crechec_patio",
    "radio": null,
    "input": {
      "dependency": null,
      "fields": [
        {
          "key": "A",
          "label": "A - ",
          "default_value": "4,58",

        },
        {
          "key": "B",
          "label": "B - ",
          "default_value": "0,53",

        },
        {
          "key": "C",
          "label": "C - ",
          "default_value": "4,2",

        },
        {
          "key": "D",
          "label": "D - ",
          "default_value": "4,58",

        },
        {
          "key": "E",
          "label": "E - ",
          "default_value": "0,53",

        },
        {
          "key": "F",
          "label": "F - ",
          "default_value": "6,6",

        },
        {
          "key": "G",
          "label": "G - ",
          "default_value": "8,25",

        },
      ]
    }
  },
  {
    "key": "patio02",
    "type": "text",
    "label": "Quantas luminárias de sobrepor com 2 lâmpadas 40W foram instaladas?",
    "placeholder": "",
    "description": "",
    "default_value": "6",
    "additional_type": null,
  },
  {
    "key":  "patio03",
    "type": "img_plus_input",
    "label": "A estrutura está compatível com a dimensão da construção?",
    "placeholder": "",
    "description": "",
    "default_value": 0,
    "additonal_type": null,
    "radio": [
      {
        "id": 0,
        "description": "Sim",
      },
      {
        "id": 1,
        "description": "Não",
      }
    ],
    "input": {
      "dependency": {
        "key": "radio",
        "value": 1
      },
      "fields": [
        {
          "key": "nota",
          "label": "Se necessário anote a seguir:",
          "default_value": 1,
        },
      ]
    }
  },
  {
    "key": "patio04",
    "type": "text",
    "label": "Qual a altura que a cerâmica 10x10 cmfoi instalada?",
    "placeholder": "",
    "description": "",
    "default_value": "1,1",
    "additional_type": null,
  },
  {
    "key": "patio05",
    "type": "radio",
    "label": "O restante do pilar foi pintado?",
    "placeholder": "",
    "description": "",
    "default_value": 0,
    "additonal_type": null,
    "image": null,
    "options": [
      {
        "id": 0,
        "description": "Sim",
      },
      {
        "id": 1,
        "description": "Não",
      },
    ],
  },
  {
    "key": "patio06",
    "type": "radio",
    "label": "Foi feita a cobertura do pátio?",
    "placeholder": "",
    "description": "",
    "default_value": 0,
    "additonal_type": null,
    "image": null,
    "options": [
      {
        "id": 0,
        "description": "Sim",
      },
      {
        "id": 1,
        "description": "Não",
      },
    ],
  },
  {
    "key": "patio07",
    "type": "radio",
    "label": "As calhas de concreto foram impermeabilizadas?",
    "placeholder": "",
    "description": "",
    "default_value": 0,
    "additonal_type": null,
    "image": null,
    "options": [
      {
        "id": 0,
        "description": "Sim",
      },
      {
        "id": 1,
        "description": "Não",
      },
    ],
  },
  {
    "key": "patio08",
    "type": "picker",
    "label": "Qual tipo de piso foi instalado?",
    "description": "Selecionar alguma opção",
    "placeholder": "exemplo",
    "default_value": "Granitina",
    "aditional_type": null,
    "options": [
      "Bloco de concreto intertravado",
      "Cerâmica",
      "Cimento desempenado",
      "Granitina",
      "Outros"
    ]
  }
]
