[
  {
    "key": "banhoC101",
    "type": "img_plus_input",
    "label": "Complete com as medidas em metros nos itens a seguir",
    "placeholder": "",
    "description": "",
    "default_value": "",
    "additonal_type": null,
    "image": "crechec_banho",
    "radio": null,
    "input": {
      "dependency": null,
      "fields": [
        {
          "key": "A",
          "label": "A - ",
          "default_value": "2,25"
        },
        {
          "key": "B",
          "label": "B - ",
          "default_value": "4,05"
        },
        {
          "key": "Pe-direito",
          "label": "Pe-direito(m) - ",
          "default_value": "3"
        }
      ]
    }
  },
  {
    "key":  "banhoC102",
    "type": "img_plus_input",
    "label": "Observe a descrição das esquadrias a seguir e verifique se elas foram instaladas corretamente.",
    "placeholder": "",
    "description": "",
    "default_value": 0,
    "additonal_type": null,
    "image": "crechec_banho_esquadria",
    "radio": [
      {
        "id": 0,
        "description": "Sim",
      },
      {
        "id": 1,
        "description": "Não",
      }
    ],
    "input": {
      "dependency": {
        "key": "radio",
        "value": 0
      },
      "fields": [
        {
          "key": "p05",
          "label": "Qual a quantidade instalada de P01?",
          "default_value": "1"
        },
        {
          "key": "ef32",
          "label": "Qual a quantidade instalada de EF32",
          "default_value": "3"
        },
        {
          "key": "pf02",
          "label": "Qual a quantidade instalada de PF02",
          "default_value": "1"
        },

      ]
    }
  },
  {
    "key":  "banhoC103",
    "type": "text",
    "label": "Quantas luminárias de sobrepor com 2 lâmpadas 40W foram instaladas?",
    "placeholder": "",
    "description": "",
    "default_value": "1",
    "additional_type": null,
  },
  {
    "key":  "banhoC104",
    "type": "radio",
    "label": "O teto foi pintado?",
    "placeholder": "",
    "description": "",
    "default_value": 1,
    "additonal_type": null,
    "image": null,
    "options": [
      {
        "id": 1,
        "description": "Sim"
      },
      {
        "id": 0,
        "description": "Não"
      },

    ]
  },
  {
    "key":  "banhoC105",
    "type": "radio",
    "label": "Possui rodameio?",
    "placeholder": "",
    "description": "",
    "default_value": 1,
    "additonal_type": null,
    "image": null,
    "options": [
      {
        "id": 1,
        "description": "Sim"
      },
      {
        "id": 0,
        "description": "Não"
      },

    ]
  },
  {
      "key": "banhoC106",
      "type": "text",
      "label": "Qual a altura que a cerâmica 20cm x 20cm foi instalada?",
      "placeholder": "",
      "description": "",
      "default_value": "1",
      "additional_type": null,
    },
    {
      "key": "banhoC107",
      "type": "text",
      "label": "Qual a altura da parede que foi pintada?",
      "placeholder": "",
      "description": "",
      "default_value": "1,9",
      "additional_type": null,
    },
  {
    "key":  "banhoC108",
    "type": "img_plus_input",
    "label": "O revestimento foi aplicado em todo o perímetro?",
    "placeholder": "",
    "description": "",
    "default_value": 0,
    "additonal_type": null,
    "image": null,
    "radio": [
      {
        "id": 0,
        "description": "Sim",
      },
      {
        "id":1,
        "description": "Não, apenas:",
      }
    ],
    "input": {
      "dependency": {
        "key": "radio",
        "value": 1
      },
      "fields": [
        {
          "key": "comprimentoh",
          "label": "Perímetro aplicado:",
        },
      ]
    }
  },
  {
    "key":  "banhoC109",
    "type": "picker",
    "label": "Como foi construída a parede que divide o banho e a creche 1?",
    "description": "Selecionar alguma opção",
    "placeholder": "exemplo",
    "default_value": "Outros:",
    "aditional_type": null,
    "options": [
      "A parede possui pé direito igual às demais",
      "Não foi construída nenhuma parede",
      "Outros"
    ]
  },
  {
    "key": "banhoC110",
    "type": "img_plus_input",
    "label": "A bancada de granito foi instalada?",
    "placeholder": "",
    "description": "",
    "default_value": 0,
    "additonal_type": null,
    "image": "crechec_banho_bancada",
    "radio": [
      {
        "id": 0,
        "description": "Sim, com as seguintes dimensões:",
      },
      {
        "id": 1,
        "description": "Não",
      }
    ],
    "input": {
      "dependency": {
        "key": "radio",
        "value": 0
      },
      "fields": [
        {
          "key": "comprimento1",
          "label": "Comprimento da bancada 1 ",
          "default_value": "0,75",
        },
        {
          "key": "largura1",
          "label": "Largura da bancada 1",
          "default_value": "0,6",
        },
        {
          "key": "comprimento2",
          "label": "Comprimento da bancada 2 ",
          "default_value": "4,05",
        },
        {
          "key": "largura2",
          "label": "Largura da bancada 2",
          "default_value": "0,6",
        },
        {
          "key": "comprimento3",
          "label": "Comprimento da bancada 3 ",
          "default_value": "1,65",
        },
        {
          "key": "largura3",
          "label": "Largura da bancada 3",
          "default_value": "0,6",
        },
      ]
    }
  },
  {
    "key":  "banhoC111",
    "type": "picker",
    "label": "Qual tipo de piso foi instalado?",
    "description": "Selecionar alguma opção",
    "placeholder": "exemplo",
    "default_value": "Granitina",
    "aditional_type": null,
    "options": [
      "Bloco de concreto intertravado",
      "Cerâmico",
      "Cimento desempenado",
      "Granitina",
      "Outros"
    ]
  }
]
