 [
  {
    "key": "fossa01",
    "type": "picker",
    "label": "Qual o tipo de fossa?",
    "description": "Selecionar alguma opção",
    "placeholder": "exemplo",
    "default_value": "",
    "aditional_type": null,
    "options": [
      "Circular",
      "Retangular",
      "Outros"
    ],
  },

  {
    "key": "fossa02",
    "type": "img_plus_input",
    "label": "Complete com as medidas em metros nos itens a seguir:",
    "placeholder": "",
    "description": "",
    "default_value": "Saliva de pirulito",
    "additonal_type": null,
    "image": "fossa",
    "radio": null,
    "input": {
      "dependency": null,
      "fields": [
        {
          "key": "A",
          "label": "a - ",
        },
        {
          "key": "B",
          "label": "b - ",
        },
        {
          "key": "C",
          "label": "c - ",
        },

      ]
    }
  },
  {
    "key": "fossa03",
    "type": "img_plus_input",
    "label": "É possível medir a capacidade instalada? Se sim indique o valor em litros.",
    "placeholder": "",
    "description": "",
    "default_value": "Saliva de pirulito",
    "additonal_type": null,
    "image": null,
    "radio": [
      {
        "id": 0,
        "description": "Sim",
      },
      {
        "id": 1,
        "description": "Não",
      }
    ],
    "input": {
      "dependency": {
        "key": "radio",
        "value": 0
      },
      "fields": [
        {
          "key": "revestimento",
          "label": "Valor medido (l):",
        },
      ]
    }
  },

]
