[
  {
    "key": "multiuso01",
    "type": "img_plus_input",
    "label": "Complete com as medidas em metros nos itens a seguir.",
    "placeholder": "",
    "description": "",
    "default_value": "Saliva de pirulito",
    "additonal_type": null,
    "image": "leituramultiuso",
    "radio": null,
    "input": {
      "dependency": null,
      "fields": [
        {
          "key": "A",
          "label": "A - ",
          "default_value": "2,85"
        },
        {
          "key": "B",
          "label": "B - ",
          "default_value": "1,2"
        },
        {
          "key": "C",
          "label": "C - ",
          "default_value": "5,85"
        },
        {
          "key": "D",
          "label": "D - ",
          "default_value": "4,05"
        },
        {
          "key": "Pe-direito",
          "label": "Pé-direito - ",
          "default_value": "2,6"
        }
      ]
    }
  },
  {
    "key": "multiuso02",
    "type": "img_plus_input",
    "label": "Observe a descrição das esquadrias a seguir e verifique se elas foram instaladas corretamente. Informe os valores em metros:",
    "placeholder": "",
    "description": "",
    "default_value": "Saliva de pirulito",
    "additonal_type": null,
    "image": "tabelaleitura",
    "radio": null,
    "input": {
      "dependency": null,
      "fields": [
        {
          "key": "inputmultiuso1",
          "label": "Quantidade de P01:",
          "default_value": "1"
        },
        {
          "key": "inputmultiuso2",
          "label": "Quantidade de EF14:",
          "default_value": "1"
        },
        {
          "key": "inputmultiuso3",
          "label": "Quantidade de EF26:",
          "default_value": "1"
        }
      ]
    }
  },
  {
    "key": "multiuso03",
    "type": "text",
    "label": "Quantas luminárias de sobrepor com 2 lâmpadas 32W foram instaladas?",
    "placeholder": "",
    "description": "",
    "default_value": "3",
    "additional_type": null
  },
  {
    "key": "multiuso05",
    "type": "radio",
    "label": "O teto foi pintado?",
    "placeholder": "",
    "description": "",
    "default_value": 0,
    "additonal_type": null,
    "image": null,
    "options": [
      {
        "id": 0,
        "description": "Não"
      },
      {
        "id": 1,
        "description": "Sim"
      }
    ]
  },
  {
    "key": "multiuso05",
    "type": "iradio",
    "label": "Possui rodameio de cerâmica 10x10?",
    "placeholder": "",
    "description": "",
    "default_value": 1,
    "additonal_type": null,
    "image": null,
    "options": [
      {
        "id": 0,
        "description": "Não"
      },
      {
        "id": 1,
        "description": "Sim"
      }
    ]
  },
  {
    "key": "multiuso07",
    "type": "text",
    "label": "Qual a altura que a cerâmica 20 cm x 20 cm foi instalada?",
    "placeholder": "",
    "description": "",
    "default_value": "1,7",
    "additional_type": null
  },
  {
    "key": "multiuso08",
    "type": "text",
    "label": "Qual a altura de parede que foi pintada?",
    "placeholder": "",
    "description": "",
    "default_value": "0,8",
    "additional_type": null
  },
  {
    "key": "multiuso09",
    "type": "img_plus_input",
    "label": "O revestimento foi aplicado em todo o perímetro?",
    "placeholder": "",
    "description": "",
    "default_value": 0,
    "additonal_type": null,
    "image": null,
    "radio": [
      {
        "id": 0,
        "description": "Sim"
      },
      {
        "id": 2,
        "description": "Não, em "
      }
    ],
    "input": {
      "dependency": {
        "key": "radio",
        "value": 2
      },
      "fields": [
        {
          "key": "inputmultiuso",
          "label": "Quantidade em metros:"
        }
      ]
    }
  },
  {
    "key": "multiuso11",
    "type": "img_plus_input",
    "label": "As prateleiras de granito foram instaladas?",
    "placeholder": "",
    "description": "",
    "default_value": 0,
    "additonal_type": null,
    "image": null,
    "radio": [
      {
        "id": 0,
        "description": "Sim, com as seguintes dimensões:"
      },
      {
        "id": 2,
        "description": "Não"
      }
    ],
    "input": {
      "dependency": {
        "key": "radio",
        "value": 0
      },
      "fields": [
        {
          "key": "ainputmultiuso1",
          "label": "Comprimento da prateleira 1:",
          "default_value": "7,05"
        },
        {
          "key": "ainputmultiuso2",
          "label": "Largura da prateleira 1:",
          "default_value": "0,4"
        },
        {
          "key": "ainputmultiuso3",
          "label": "Qtd de prateleiras 1:",
          "default_value": "2"
        },
        {
          "key": "ainputmultiuso4",
          "label": "Comprimento da prateleira 2:",
          "default_value": "4,25"
        },
        {
          "key": "ainputmultiuso5",
          "label": "Largura da prateleira 2:",
          "default_value": "0,4"
        },
        {
          "key": "ainputmultiuso6",
          "label": "Qtd de prateleiras 2:",
          "default_value": "2"
        }
      ]
    }
  },
  {
    "key": "multiuso13",
    "type": "picker",
    "label": "Qual tipo de piso foi instalado?",
    "description": "Selecionar alguma opção",
    "placeholder": "exemplo",
    "default_value": "Granitina",
    "aditional_type": null,
    "options": [
      "Bloco de concreto intertravado",
      "Cerâmico",
      "Cimento desempenado",
      "Granitina",
      "Outros"
    ]
  }
]
