[
  {
    "key": "multiareaexterna01",
    "type": "radio",
    "label": "O teto foi pintado?",
    "placeholder": "",
    "description": "",
    "default_value": 2,
    "additonal_type": null,
    "image": null,
    "options": [
      {
        "id": 0,
        "description": "Não"
      },
      {
        "id": 2,
        "description": "Sim"
      }
    ]
  },
  {
    "key": "multiareaexterna02",
    "type": "text",
    "label": "Qual a altura que foi pintada?",
    "placeholder": "",
    "description": "",
    "default_value": "2,1",
    "additional_type": null
  },
  {
    "key": "multiareaexterna03",
    "type": "text",
    "label": "Qual a altura da faixa inferior de cerâmica 10x10 cm?",
    "placeholder": "",
    "description": "",
    "default_value": "0,5",
    "additional_type": null
  },
  {
    "key": "multiareaexterna04",
    "type": "radio",
    "label": "A faixa superior de cerâmica 10x10 cm instalada?",
    "placeholder": "",
    "description": "",
    "default_value": 1,
    "additonal_type": null,
    "image": null,
    "options": [
      {
        "id": 0,
        "description": "Não"
      },
      {
        "id": 1,
        "description": "Sim"
      }
    ]
  },
  {
    "key": "multiareaexterna05",
    "type": "radio",
    "label": "Os 'triângulos' da coberta foram revestidos com cerâmica 10 x 10 cm?",
    "placeholder": "",
    "description": "",
    "default_value": 1,
    "additonal_type": null,
    "image": null,
    "options": [
      {
        "id": 0,
        "description": "Não"
      },
      {
        "id": 1,
        "description": "Sim"
      }
    ]
  },
  {
    "key": "multiareaexterna09",
    "type": "img_plus_input",
    "label": "O revestimento foi aplicado em todo o perímetro?",
    "placeholder": "",
    "description": "",
    "default_value": 0,
    "additonal_type": null,
    "image": null,
    "radio": [
      {
        "id": 0,
        "description": "Sim"
      },
      {
        "id": 2,
        "description": "Não, em:"
      }
    ],
    "input": {
      "dependency": {
        "key": "radio",
        "value": 2
      },
      "fields": [
        {
          "key": "revestimento",
          "label": "Quantidade em metros:"
        }
      ]
    }
  },
  {
    "key": "multiareaexterna09",
    "type": "radio",
    "label": "As calhas de concreto foram impermeabilizadas?",
    "placeholder": "",
    "description": "",
    "default_value": 2,
    "additonal_type": null,
    "image": null,
    "options": [
      {
        "id": 0,
        "description": "Não"
      },
      {
        "id": 2,
        "description": "Sim"
      }
    ]
  },
  {
    "key": "multiareaexterna07",
    "type": "text",
    "label": "Quantas luminárias de sobrepor com 2 lâmpadas 32W foram instaladas?",
    "placeholder": "",
    "description": "",
    "default_value": "4",
    "additional_type": null
  },
  {
    "key": "multiareaexterna13",
    "type": "picker",
    "label": "Qual tipo de piso foi instalado?",
    "description": "Selecionar alguma opção",
    "placeholder": "exemplo",
    "default_value": "Granitina",
    "aditional_type": null,
    "options": [
      "Bloco de concreto intertravado",
      "Cerâmico",
      "Cimento desempenado",
      "Granitina",
      "Outros"
    ]
  },
  {
    "key": "multiareaexterna09",
    "type": "img_plus_input",
    "label": "A estrutura do prédio está compatível com a dimensão da construção? Caso não anote as medidas.",
    "placeholder": "",
    "description": "",
    "default_value": 0,
    "additonal_type": null,
    "image": null,
    "radio": [
      {
        "id": 0,
        "description": "Sim"
      },
      {
        "id": 2,
        "description": "Não"
      }
    ],
    "input": {
      "dependency": {
        "key": "radio",
        "value": 2
      },
      "fields": [
        {
          "key": "revestimento",
          "label": "Medidas em metros:"
        }
      ]
    }
  }
]
