 [


  {
    "key": "outrotipo01",
    "type": "img_plus_input",
    "label": "Complete com as medidas em metros nos itens a seguir:",
    "placeholder": "",
    "description": "",
    "default_value": "Saliva de pirulito",
    "additonal_type": null,
    "image": "fossa",
    "radio": null,
    "input": {
      "dependency": null,
      "fields": [
        {
          "key": "A",
          "label": "a - ",
        },
        {
          "key": "B",
          "label": "b - ",
        },
        {
          "key": "C",
          "label": "c - ",
        },

      ]
    }
  },
  {
    "key": "outrotipo02",
    "type": "img_plus_input",
    "label": "É possível medir a capacidade instalada? Se sim indique o valor em litros.",
    "placeholder": "",
    "description": "",
    "default_value": "Saliva de pirulito",
    "additonal_type": null,
    "image": null,
    "radio": [
      {
        "id": 0,
        "description": "Sim",
      },
      {
        "id": 1,
        "description": "Não",
      }
    ],
    "input": {
      "dependency": {
        "key": "radio",
        "value": 0
      },
      "fields": [
        {
          "key": "revestimento",
          "label": "Valor medido (l):",
        },
      ]
    }
  },
  {
    "key": "outrotipo03",
    "type": "img_plus_input",
    "label": " As calçadas foram executadas? Se sim, responda as perguntas a seguir.",
    "placeholder": "",
    "description": "",
    "default_value": "Saliva de pirulito",
    "additonal_type": null,
    "image": null,
    "radio": [
      {
        "id": 0,
        "description": "Sim",
      },
      {
        "id": 1,
        "description": "Não",
      }
    ],
    "input": {
      "dependency": {
        "key": "radio",
        "value": 0
      },
      "fields": [
        {
          "key": "revestimento",
          "label": "Qual o revestimento aplicado?",
        },
        {
          "key": "revestimento",
          "label": "Qual a largura da calçada?",
        },
        {
          "key": "revestimento",
          "label": "Qual foi o perímetro construído?",
        },
      ]
    }
  },
  {
    "key": "outrotipo04",
    "type": "img_plus_input",
    "label": "Foi instalado meio-fio?",
    "placeholder": "",
    "description": "",
    "default_value": "Saliva de pirulito",
    "additonal_type": null,
    "image": null,
    "radio": [
      {
        "id": 0,
        "description": "Sim",
      },
      {
        "id": 1,
        "description": "Não",
      }
    ],
    "input": null
  },
  {
    "key": "qualificacao",
    "type": "picker",
    "label": "Foram instaladas grades e portões?",
    "description": "Selecionar alguma opção",
    "placeholder": "exemplo",
    "default_value": "",
    "aditional_type": null,
    "options": [
      "Sim, apenas grades",
      "Sim, apenas portões",
      "Sim, grades e portões",
      "Não, nem grades nem portões"
    ],
  },
  {
    "key": "outrotipo05",
    "type": "img_plus_input",
    "label": " Complete com as medidas que você achar necessário",
    "placeholder": "",
    "description": "",
    "default_value": "Saliva de pirulito",
    "additonal_type": null,
    "image": null,
    "input": {
      "fields": [
        {
          "key": "revestimento",
          "label": "Medidas das grades:",
        },
        {
          "key": "revestimento",
          "label": "Medidas dosportões:",
        },

      ]
    }
  },
]
