[
  {
    "key": "p2preescola101",
    "type": "img_plus_input",
    "label": "Complete com as medidas em metros nos itens a seguir",
    "placeholder": "",
    "description": "",
    "default_value": "",
    "additonal_type": null,
    "image": "p2preescola1",
    "radio": null,
    "input": {
      "dependency": null,
      "fields": [
        {
          "key": "A",
          "label": "A - ",
          "default_value": "2,85",

        },
        {
          "key": "B",
          "label": "B - ",
          "default_value": "1,2",

        },
        {
          "key": "C",
          "label": "C - ",
          "default_value": "4,65",

        },
        {
          "key": "D",
          "label": "D - ",
          "default_value": "7,05",

        },
        {
          "key": "Pe-direito",
          "label": "Pé-direito - ",
          "default_value": "2,6",

        }
      ]
    }
  },
  {
    "key": "p2preescola102",
    "type": "img_plus_input",
    "label": "Observe a descrição das esquadrias a seguir e verifique se elas foram instaladas corretamente.",
    "placeholder": "",
    "description": "",
    "default_value": 0,
    "additonal_type": null,
    "image": "p2tabelapreescola1",
    "radio": [
      {
        "id": 0,
        "description": "Sim",
      },
      {
        "id": 1,
        "description": "Não",
      }
    ],
    "input": {
      "dependency": {
        "key": "radio",
        "value": 0
      },
      "fields": [
        {
          "key": "p01",
          "label": "Qual a quantidade instalada de P01?",
          "default_value": "2",

        },
                {
          "key": "ef14",
          "label": "Qual a quantidade instalada de EF 14",
          "default_value": "1",

        },
        {
          "key": "ef26",
          "label": "Qual a quantidade instalada de EF 26",
          "default_value": "1",

        },
      ]
    }
  },
  {
    "key": "p2preescola103",
    "type": "text",
    "label": "Quantas luminárias de sobrepor com 2 lâmpadas 32W foram instaladas?",
    "placeholder": "",
    "description": "",
    "default_value": "4",
    "additional_type": null,
  },
  {
    "key": "p2preescola104",
    "type": "radio",
    "label": "O teto foi pintado?",
    "placeholder": "",
    "description": "",
    "default_value": 0,
    "additonal_type": null,
    "image": null,
    "options": [
      {
        "id": 0,
        "description": "Sim",
      },
      {
        "id": 1,
        "description": "Não",
      },
    ],
  },
  {
    "key": "p2preescola105",
    "type": "radio",
    "label": "Possui rodameio?",
    "placeholder": "",
    "description": "",
    "default_value": 0,
    "additonal_type": null,
    "image": null,
    "options": [
      {
        "id": 0,
        "description": "Sim",
      },
      {
        "id": 1,
        "description": "Não",
      },
    ],
  },

  {
    "key": "p2preescola106",
    "type": "text",
    "label": "Qual a altura que a cerâmica 20 cm x 20 cm foi instalada?",
    "placeholder": "",
    "description": "",
    "default_value": "1,7",
    "additional_type": null,
  },

  {
    "key": "p2preescola107",
    "type": "text",
    "label": "Qual a altura de parede que foi pintada?",
    "placeholder": "",
    "description": "",
    "default_value": "0,9",
    "additional_type": null,
  },
  {
    "key": "p2preescola108",
    "type": "img_plus_input",
    "label": "O revestimento foi aplicado em todo o perímetro?",
    "placeholder": "",
    "description": "",
    "default_value": 0,
    "additonal_type": null,
    "image": null,
    "radio": [
      {
        "id": 0,
        "description": "Sim",
      },
      {
        "id":
        1
        ,
        "description": "Não, em:",
      }
    ],
    "input": {
      "dependency": {
        "key": "radio",
        "value": 1
      },
      "fields": [
        {
          "key": "revestimento",
          "label": "Medida em (m) ",
        },
      ]
    }
  },

  {
    "key": "p2preescola109",
    "type": "img_plus_input",
    "label": "A bancada de granito foi instalada?",
    "placeholder": "",
    "description": "",
    "default_value": 0,
    "additonal_type": null,
    "image": null,
    "radio": [
      {
        "id": 0,
        "description": "Sim, com as seguintes dimensões:",
      },
      {
        "id":
        1
        ,
        "description": "Não",
      }
    ],
    "input": {
      "dependency": {
        "key": "radio",
        "value": 0
      },
      "fields": [
        {
          "key": "comp",
          "label": "Comprimento: ",
          "default_value": "2,85",

        },
        {
          "key": "alt",
          "label": "Altura: ",
          "default_value": "0,6",

        },
      ]
    }
  },
  {
    "key": "p2preescola110",
    "type": "picker",
    "label": "Qual tipo de piso foi instalado?",
    "description": "Selecionar alguma opção",
    "placeholder": "exemplo",
    "default_value": "Granitina",
    "aditional_type": null,
    "options": [
      "Bloco de concreto intertravado",
      "Cerâmica",
      "Cimento desempenado",
      "Granitina",
      "Outros"
    ]
  }
]
