[
  {
    "key": "p2preescola1201",
    "type": "img_plus_input",
    "label": "Complete com as medidas em metros nos itens a seguir",
    "placeholder": "",
    "description": "",
    "default_value": "Saliva de pirulito",
    "additonal_type": null,
    "image": "p2preescola2",
    "radio": null,
    "input": {
      "dependency": null,
      "fields": [
        {
          "key": "A",
          "label": "A - ",
        },
        {
          "key": "B",
          "label": "B - ",
        },
        {
          "key": "C",
          "label": "C - ",
        },
        {
          "key": "D",
          "label": "D - ",
        },

        {
          "key": "Area",
          "label": "Área (AB + CD) - ",
        },
        {
          "key": "Perimetro",
          "label": "Perímetro (2B + 2C + 2D) - ",
        },
        {
          "key": "Pe-direito",
          "label": "Pé-direito - ",
        }
      ]
    }
  },
  {
    "key": "p2preescola1202",
    "type": "img_plus_input",
    "label": "Observe a descrição das esquadrias a seguir e verifique se elas foram instaladas corretamente.",
    "placeholder": "",
    "description": "",
    "default_value": "Saliva de pirulito",
    "additonal_type": null,
    "image": "p2tabelapreescola2",
    "radio": [
      {
        "id": 0,
        "description": "Sim",
      },
      {
        "id": 1,
        "description": "Não",
      }
    ],
    "input": {
      "dependency": {
        "key": "radio",
        "value": 0
      },
      "fields": [
        {
          "key": "revestimento",
          "label": "Qual a quantidade instalada de P01?",
        },
                {
          "key": "revestimento",
          "label": "Qual a quantidade instalada de EF 14",
        },
        {
          "key": "revestimento",
          "label": "Qual a quantidade instalada de EF 26",
        },
      ]
    }
  },
  {
    "key": "p2preescola1203",
    "type": "text",
    "label": "Quantas luminárias de sobrepor com 2 lâmpadas 32W foram instaladas?",
    "placeholder": "",
    "description": "",
    "default_value": "",
    "additional_type": null,
  },
  {
    "key": "p2preescola1204",
    "type": "img_plus_input",
    "label": "Observe o revestimento do ambiente, o teto foi pintado?",
    "placeholder": "",
    "description": "",
    "default_value": "Saliva de pirulito",
    "additonal_type": null,
    "image": null,
    "radio": [
      {
        "id": 1,
        "description": "Sim",
      },
      {
        "id": 0,
        "description": "Não",
      },
    ],
  },
  {
    "key": "p2preescola1205",
    "type": "img_plus_input",
    "label": "Observe o revestimento do ambiente, possui rodameio?",
    "placeholder": "",
    "description": "",
    "default_value": "Saliva de pirulito",
    "additonal_type": null,
    "image": null,
    "radio": [
      {
        "id": 1,
        "description": "Sim",
      },
      {
        "id": 0,
        "description": "Não",
      },

    ],
  },

  {
    "key": "p2preescola1206",
    "type": "text",
    "label": "Qual a altura que a cerâmica 20 cm x 20 cm foi instalada?",
    "placeholder": "",
    "description": "",
    "default_value": "",
    "additional_type": null,
  },

  {
    "key": "p2preescola1207",
    "type": "text",
    "label": "Qual a altura de parede que foi pintada?",
    "placeholder": "",
    "description": "",
    "default_value": "",
    "additional_type": null,
  },
  {
    "key": "p2preescola1208",
    "type": "img_plus_input",
    "label": "O revestimento foi aplicado em todo o perímetro?",
    "placeholder": "",
    "description": "",
    "default_value": "Saliva de pirulito",
    "additonal_type": null,
    "image": null,
    "radio": [
      {
        "id": 0,
        "description": "Sim",
      },
      {
        "id":
        1
        ,
        "description": "Não, em:",
      }
    ],
    "input": {
      "dependency": {
        "key": "radio",
        "value": 1
      },
      "fields": [
        {
          "key": "revestimento",
          "label": "Medida em (m) ",
        },
      ]
    }
  },

  {
    "key": "p2preescola1209",
    "type": "img_plus_input",
    "label": "A bancada de granito foi instalada?",
    "placeholder": "",
    "description": "",
    "default_value": "Saliva de pirulito",
    "additonal_type": null,
    "image": null,
    "radio": [
      {
        "id": 0,
        "description": "Sim, com as seguintes dimensões:",
      },
      {
        "id":
        1
        ,
        "description": "Não",
      }
    ],
    "input": {
      "dependency": {
        "key": "radio",
        "value": 0
      },
      "fields": [
        {
          "key": "revestimento",
          "label": "Comprimento: ",
        },
        {
          "key": "revestimento",
          "label": "Altura: ",
        },
      ]
    }
  },
  {
    "key": "p2preescola1210",
    "type": "picker",
    "label": "Qual tipo de piso foi instalado?",
    "description": "Selecionar alguma opção",
    "placeholder": "exemplo",
    "default_value": "",
    "aditional_type": null,
    "options": [
      "Bloco de concreto intertravado",
      "Cerâmica",
      "Cimento desempenado",
      "Granitina",
      "Outros"
    ]
  }
]
