[
  {
    "key": "p2repouso201",
    "type": "img_plus_input",
    "label": "Qual a área da sala de repouso? Complete com as medidas em metros nos itens a seguir",
    "placeholder": "",
    "description": "",
    "default_value": "",
    "additonal_type": null,
    "image": "p2repouso2",
    "radio": null,
    "input": {
      "dependency": null,
      "fields": [
        {
          "key": "A",
          "label": "A - ",
          "default_value": "2,85",

        },
        {
          "key": "B",
          "label": "B - ",
          "default_value": "3,45",

        },
        {
          "key": "Pe-direito",
          "label": "Pé-direito - ",
          "default_value": "2,6",

        }
      ]
    }
  },
  {
    "key": "p2repouso202",
    "type": "img_plus_input",
    "label": "Observe a descrição das esquadrias a seguir. Elas foram instaladas corretamente?",
    "placeholder": "",
    "description": "",
    "default_value": 0,
    "additonal_type": null,
    "image": "tabelap2repouso",
    "radio": [
      {
        "id": 0,
        "description": "Sim",
      },
      {
        "id": 1,
        "description": "Não",
      }
    ],
    "input": {
      "dependency": {
        "key": "radio",
        "value": 0
      },
      "fields": [
        {
          "key": "p05",
          "label": "Qual a quantidade instalada de P05?",
          "default_value": "1",

        },
        {
          "key": "ef14",
          "label": "Qual a quantidade instalada de EF 14",
          "default_value": "1",

        },
      ]
    }
  },
  {
    "key": "p2repouso203",
    "type": "radio",
    "label": "O teto foi pintado?",
    "placeholder": "",
    "description": "",
    "default_value": 0,
    "additonal_type": null,
    "image": null,
    "options": [
      {
        "id": 0,
        "description": "Sim",
      },
      {
        "id": 1,
        "description": "Não",
      },
    ],
  },
  {
    "key":  "p2repouso04",
    "type": "radio",
    "label": "Possui rodameio?",
    "placeholder": "",
    "description": "",
    "default_value": 0,
    "additonal_type": null,
    "image": null,
    "options": [
      {
        "id": 0,
        "description": "Sim",
      },
      {
        "id": 1,
        "description": "Não",
      },

    ],
  },
  {
    "key": "p2repouso205",
    "type": "text",
    "label": "Qual a altura que a cerâmica 20cm x 20cm foi instalada?",
    "placeholder": "",
    "description": "",
    "default_value": "1,7",
    "additional_type": null,
  },
  {
    "key":  "p2repouso206",
    "type": "text",
    "label": "Qual a altura de parede que foi pintada?",
    "placeholder": "",
    "description": "",
    "default_value": "0,9",
    "additional_type": null,
  },
  {
    "key":  "p2repouso07",
    "type": "img_plus_input",
    "label": "O revestimento foi aplicado em todo perímetro?",
    "placeholder": "",
    "description": "",
    "default_value": 0,
    "additonal_type": null,
    "image": null,
    "radio": [
      {
        "id": 0,
        "description": "Sim"
      },
      {
        "id": 1,
        "description": "Não"
      },

    ],
    "input": {
      "dependency": {
        "key": "radio",
        "value": 1
      },
      "fields": [
        {
          "key": "revestimento",
          "label": "Não, em apenas:"
        }
      ]
    }
  },
  {
    "key":  "p2repouso208",
    "type": "radio",
    "label": "Foi instalada a divisória entre a sala de repouso e a creche III?",
    "placeholder": "",
    "description": "",
    "default_value": 0,
    "additonal_type": null,
    "image": null,
    "options": [
      {
        "id": 0,
        "description": "Sim",
      },
      {
        "id": 1,
        "description": "Não",
      }
    ]
  },
  {
    "key":  "p2repouso209",
    "type": "picker",
    "label": "Qual tipo de piso foi instalado?",
    "description": "Selecionar alguma opção",
    "placeholder": "exemplo",
    "default_value": "Granitina",
    "aditional_type": null,
    "options": [
      "Bloco de concreto intertravado",
      "Cerâmica",
      "Cimento desempenado",
      "Granitina",
      "Outros"
    ]
  }
]
