[
  {
    "key": "pc1",
    "type": "img_plus_input",
    "label": "Complete com as medidas em metros nos itens a seguir",
    "placeholder": "",
    "description": "",
    "default_value": null,
    "additonal_type": null,
    "image": "patioCoberto",
    "radio": null,
    "input": {
      "fields": [
        {
          "key": "pasA",
          "label": "A - ",
          "default_value": "19,2"
        },
        {
          "key": "pasB",
          "label": "B - ",
          "default_value": "12,8"
        },
        {
          "key": "pasarea",
          "label": "AREA - ",
          "default_value": "245,76"
        },
        {
          "key": "pasperimetro",
          "label": "PERíMETRO - ",
          "default_value": "64"
        }
      ]
    }
  },
  {
    "key": "pc2",
    "type": "img_plus_input",
    "label": "Quantas luminárias de sobrepor com 2 lâmpadas 32W foram instaladas?",
    "placeholder": "",
    "description": "",
    "default_value": null,
    "additonal_type": null,
    "image": null,
    "radio": null,
    "input": {
      "fields": [
        {
          "key": "pc2Lamp",
          "label": "",
          "default_value": "16"
        }
      ]
    }
  },
  {
    "key": "pc3",
    "type": "img_plus_input",
    "label": "A estrutura está compatível com a dimensão da construção?",
    "placeholder": "",
    "description": "",
    "default_value": 0,
    "additonal_type": null,
    "image": null,
    "radio": [
      {
        "id": 0,
        "description": "Sim"
      },
      {
        "id": 1,
        "description": "Não, com as seguintes medidas:"
      }
    ],
    "input": {
      "dependency": {
        "key": "pc3inputkey",
        "value": 1
      },
      "fields": [
        {
          "key": "pc3input3",
          "label": ""
        }
      ]
    }
  },
  {
    "key": "pc4",
    "type": "img_plus_input",
    "label": "Meça as seguintes dimensões para um pilar extremo",
    "placeholder": "",
    "description": "",
    "default_value": null,
    "additonal_type": null,
    "image": null,
    "radio": null,
    "input": {
      "fields": [
        {
          "key": "pc4input1",
          "label": "Altura (m):",
          "default_value": "3"
        },
        {
          "key": "pc4input2",
          "label": "Diâmetro (m):",
          "default_value": "0,4"
        },
        {
          "key": "pc4input3",
          "label": "QTD de pilares:",
          "default_value": "8"
        }
      ]
    }
  },
  {
    "key": "pc5",
    "type": "img_plus_input",
    "label": "Meça as seguintes dimensões para um pilar central",
    "placeholder": "",
    "description": "",
    "default_value": null,
    "additonal_type": null,
    "image": null,
    "radio": null,
    "input": {
      "fields": [
        {
          "key": "pc5input1",
          "label": "Altura (m):",
          "default_value": "3"
        },
        {
          "key": "pc5input2",
          "label": "Diâmetro (m):",
          "default_value": "0,4"
        },
        {
          "key": "pc5input3",
          "label": "QTD de pilares:",
          "default_value": "3"
        }
      ]
    }
  },
  {
    "key": "pas6",
    "type": "img_plus_input",
    "label": "A faixa de cerâmica 10 cm x 10 cm foi instalada?",
    "placeholder": "",
    "description": "",
    "default_value": 1,
    "additonal_type": null,
    "image": null,
    "radio": [
      {
        "id": 0,
        "description": "Não"
      },
      {
        "id": 1,
        "description": "Sim, na altura:"
      }
    ],
    "input": {
      "dependency": {
        "key": "pas6inputkey1",
        "value": 1
      },
      "fields": [
        {
          "key": "pas6input1",
          "label": "",
          "default_value": "1,1"
        }
      ]
    }
  },
  {
    "key": "pas7",
    "type": "radio",
    "label": "O restante do pilar foi pintado?",
    "placeholder": "",
    "description": "",
    "default_value": 1,
    "additonal_type": null,
    "image": null,
    "options": [
      {
        "id": 0,
        "description": "Não"
      },
      {
        "id": 1,
        "description": "Sim"
      }
    ]
  },
  {
    "key": "pas8",
    "type": "radio",
    "label": "Os 'triângulos' da coberta foram revestidos com cerâmica 10 x 10 cm?",
    "placeholder": "",
    "description": "",
    "default_value": 1,
    "additonal_type": null,
    "image": null,
    "options": [
      {
        "id": 0,
        "description": "Não"
      },
      {
        "id": 1,
        "description": "Sim"
      }
    ]
  },
  {
    "key": "pas9",
    "type": "radio",
    "label": "Foi feita a cobertura do pátio?",
    "placeholder": "",
    "description": "",
    "default_value": 1,
    "additonal_type": null,
    "image": null,
    "options": [
      {
        "id": 0,
        "description": "Não"
      },
      {
        "id": 1,
        "description": "Sim"
      }
    ]
  },
  {
    "key": "pas10",
    "type": "picker",
    "label": "Qual tipo de piso foi instalado?",
    "description": "Selecionar alguma opção",
    "placeholder": "exemplo",
    "default_value": "Granitina",
    "aditional_type": null,
    "options": [
      "Bloco de concreto intertravado",
      "Cerâmico",
      "Cimento desempenado",
      "Granitina",
      "Outros"
    ]
  }
]
