[
    {
      "key": "2creche201",
      "type": "img_plus_input",
      "label": "Complete com as medidas em metros nos itens a seguir",
      "placeholder": "",
      "description": "",
      "default_value": "",
      "additonal_type": null,
      "image": "p2creche3",
      "radio": null,
      "input": {
        "dependency": null,
        "fields": [
          {
            "key": "A",
            "label": "A - ",
            "default_value": "1,65",

          },
          {
            "key": "B",
            "label": "B - ",
            "default_value": "2,4",

          },
          {
            "key": "C",
            "label": "C - ",
            "default_value": "4,65",

          },
          {
            "key": "D",
            "label": "D - ",
            "default_value": "4,65",

          },
          {
            "key": "E",
            "label": "E - ",
            "default_value": "0,525",

          },
          {
            "key": "Pe-direito",
            "label": "Pe-direito - ",
            "default_value": "2,6",
          }
        ]
      }
    },
    {
      "key":  "2creche202",
      "type": "img_plus_input",
      "label": "Observe a descrição das esquadrias a seguir e verifique se elas foram instaladas corretamente.",
      "placeholder": "",
      "description": "",
      "default_value": 0,
      "additonal_type": null,
      "image": "creche21",
      "radio": [
        {
          "id": 0,
          "description": "Sim",
        },
        {
          "id": 1,
          "description": "Não",
        }
      ],
      "input": {
        "dependency": {
          "key": "radio",
          "value": 0
        },
        "fields": [
          {
            "key": "p01",
            "label": "Qual a quantidade instalada de P01?",
            "default_value": "2",

          },
          {
            "key": "ef27",
            "label": "Qual a quantidade instalada de EF 27",
            "default_value": "1",

          },
        ]
      }
    },
    {
      "key": "2creche204",
      "type": "text",
      "label": "Quantas luminárias de sobrepor com 2 lâmpadas 32W foram instaladas?",
      "placeholder": "",
      "description": "",
      "default_value": "4",
      "additional_type": null,
    },
    {
      "key":  "2creche205",
      "type": "radio",
      "label": "O teto foi pintado?",
      "placeholder": "",
      "description": "",
      "default_value": 0,
      "additonal_type": null,
      "image": null,
      "options": [
        {
          "id": 0,
          "description": "Sim",
        },
        {
          "id": 1,
          "description": "Não",
        },
      ],
    },
    {
      "key":  "2creche206",
          "type": "radio",
      "label": "Possui rodameio?",
      "placeholder": "",
      "description": "",
      "default_value": 0,
      "additonal_type": null,
      "image": null,
      "options": [
        {
          "id": 0,
          "description": "Sim",
        },
        {
          "id": 1,
          "description": "Não",
        },

      ],
    },
    {
        "key": "2creche207",
        "type": "text",
        "label": "Qual a altura que a cerâmica 20cm x20cm foi instalada?",
        "placeholder": "",
        "description": "",
        "default_value": "1,7",
        "additional_type": null,
      },
      {
        "key": "creche208",
        "type": "text",
        "label": "Qual a altura foi pintada?",
        "placeholder": "",
        "description": "",
        "default_value": "0,9",
        "additional_type": null,
      },
    {
      "key":  "2creche209",
      "type": "img_plus_input",
      "label": "Os escaninhos foram instalados?",
      "placeholder": "",
      "description": "",
      "default_value": 0,
      "additonal_type": null,
      "image": null,
      "radio": [
        {
          "id": 0,
          "description": "Sim, com as seguintes dimensões",
        },
        {
          "id":
          1
          ,
          "description": "Não",
        }
      ],
      "input": {
        "dependency": {
          "key": "radio",
          "value": 0
        },
        "fields": [
          {
            "key": "comprh",
            "label": "Comprimento prateleiras horizontais:",
            "default_value": "2,25",

          },
          {
            "key": "largh",
            "label": "Largura prateleiras horizontais:",
            "default_value": "0,4",

          },
          {
            "key": "qtdh",
            "label": "Quantidade de prateleiras",
            "default_value": "4",

          },
          {
            "key": "comprv",
            "label": "Comprimento prateleiras verticais:",
            "default_value": "1,8",

          },
          {
            "key": "largv",
            "label": "Largura prateleiras verticais:",
            "default_value": "0,4",

          },
          {
            "key": "qtdv",
            "label": "Quantidade de prateleiras verticais",
            "default_value": "3",

          },
        ]
      }
    },
    {
      "key": "2creche210",
      "type": "img_plus_input",
      "label": "A bancada de granito foi instalada?",
      "placeholder": "",
      "description": "",
      "default_value": 0,
      "additonal_type": null,
      "image": null,
      "radio": [
        {
          "id": 0,
          "description": "Sim, com as seguintes dimensões:",
        },
        {
          "id":
          1
          ,
          "description": "Não",
        }
      ],
      "input": {
        "dependency": {
          "key": "radio",
          "value": 0
        },
        "fields": [
          {
            "key": "compr",
            "label": "Comprimento da bancada: ",
            "default_value": "3,11",

          },
          {
            "key": "larg",
            "label": "Largura da bancada: ",
            "default_value": "0,5",

          },
        ]
      }
    },
    {
      "key":  "2creche211",
      "type": "picker",
      "label": "Qual tipo de piso foi instalado?",
      "description": "Selecionar alguma opção",
      "placeholder": "exemplo",
      "default_value": "Granitina",
      "aditional_type": null,
      "options": [
        "Bloco de concreto intertravado",
        "Cerâmica",
        "Cimento desempenado",
        "Granitina",
        "Outros"
      ]
    }
  ]
