[
    {
      "key": "p1creche401",
      "type": "img_plus_input",
      "label": "Complete com as medidas em metros nos itens a seguir",
      "placeholder": "",
      "description": "",
      "default_value": "Saliva de pirulito",
      "additonal_type": null,
      "image": "p1creche1",
      "radio": null,
      "input": {
        "dependency": null,
        "fields": [
          {
            "key": "A",
            "label": "A - ",
          },
          {
            "key": "B",
            "label": "B - ",
          },
          {
            "key": "C",
            "label": "C - ",
          },
          {
            "key": "D",
            "label": "D - ",
          },
          {
            "key": "E",
            "label": "E - ",
          },
          {
            "key": "F",
            "label": "F - ",
          },
          {
            "key": "Area",
            "label": "Area - ",
          },
          {
            "key": "Perimetro",
            "label": "Perimetro - ",
          },
          {
            "key": "Pe-direito",
            "label": "Pe-direito - ",
          }
        ]
      }
    },
    {
      "key":  "p1creche402",
      "type": "img_plus_input",
      "label": "Observe a descrição das esquadrias a seguir e verifique se elas foram instaladas corretamente.",
      "placeholder": "",
      "description": "",
      "default_value": "Saliva de pirulito",
      "additonal_type": null,
      "image": "p1creche1tab",
      "radio": [
        {
          "id": 0,
          "description": "Sim",
        },
        {
          "id": 1,
          "description": "Não",
        }
      ],
      "input": {
        "dependency": {
          "key": "radio",
          "value": 0
        },
        "fields": [
          {
            "key": "p01",
            "label": "Qual a quantidade instalada de P01?",
          },
          {
            "key": "ef27",
            "label": "Qual a quantidade instalada de EF 27?",
          },
          {
            "key": "ef11",
            "label": "Qual a quantidade instalada de EF 11?",
          },
        ]
      }
    },
    {
      "key": "text3",
      "type": "text",
      "label": "Quantas luminárias de sobrepor com 2 lâmpadas 32W foram instaladas?",
      "placeholder": "",
      "description": "",
      "default_value": "",
      "additional_type": null,
    },
    {
      "key":  "p1creche403",
      "type": "img_plus_input",
      "label": "O teto foi pintado?",
      "placeholder": "",
      "description": "",
      "default_value": "Saliva de pirulito",
      "additonal_type": null,
      "image": null,
      "radio": [
        {
          "id": 1,
          "description": "Sim",
        },
        {
          "id": 0,
          "description": "Não",
        },
      ],
    },
    {
      "key":  "p1creche404",
          "type": "img_plus_input",
      "label": "Possui rodameio?",
      "placeholder": "",
      "description": "",
      "default_value": "Saliva de pirulito",
      "additonal_type": null,
      "image": null,
      "radio": [
        {
          "id": 1,
          "description": "Sim",
        },
        {
          "id": 0,
          "description": "Não",
        },

      ],
    },
    {
        "key": "p1creche405",
        "type": "text",
        "label": "Qual a altura que a cerâmica 20 cm x20 cm foi instalada?",
        "placeholder": "",
        "description": "",
        "default_value": "",
        "additional_type": null,
      },
      {
        "key": "p1creche406",
        "type": "text",
        "label": "Qual a altura foi pintada?",
        "placeholder": "",
        "description": "",
        "default_value": "",
        "additional_type": null,
      },
    {
      "key":  "p1creche407",
      "type": "img_plus_input",
      "label": "Os escaninhos foram instalados?",
      "placeholder": "",
      "description": "",
      "default_value": "Saliva de pirulito",
      "additonal_type": null,
      "image": null,
      "radio": [
        {
          "id": 0,
          "description": "Sim, com as seguintes dimensões",
        },
        {
          "id":
          1
          ,
          "description": "Não",
        }
      ],
      "input": {
        "dependency": {
          "key": "radio",
          "value": 0
        },
        "fields": [
          {
            "key": "revestimento",
            "label": "Comprimento das prateleiras ",
          },
          {
            "key": "revestimento",
            "label": "Largura das prateleiras ",
          },
          {
            "key": "revestimento",
            "label": "Quantidade de prateleiras",
          },
        ]
      }
    },

    {
      "key": "p1creche408",
      "type": "img_plus_input",
      "label": "A bancada de granito foi instalada?",
      "placeholder": "",
      "description": "",
      "default_value": "Saliva de pirulito",
      "additonal_type": null,
      "image": null,
      "radio": [
        {
          "id": 0,
          "description": "Sim, com as seguintes dimensões:",
        },
        {
          "id":
          1
          ,
          "description": "Não",
        }
      ],
      "input": {
        "dependency": {
          "key": "radio",
          "value": 0
        },
        "fields": [
          {
            "key": "revestimento",
            "label": "Comprimento da bancada: ",
          },
          {
            "key": "revestimento",
            "label": "Largura da bancada: ",
          },
        ]
      }
    },
    {
      "key":  "p1creche409",
      "type": "picker",
      "label": "Qual tipo de piso foi instalado?",
      "description": "Selecionar alguma opção",
      "placeholder": "exemplo",
      "default_value": "",
      "aditional_type": null,
      "options": [
        "Bloco de concreto intertravado",
        "Cerâmica",
        "Cimento desempenado",
        "Granitina",
        "Outros"
      ]
    }
  ]
