[
    {
      "key": "banheir201",
      "type": "img_plus_input",
      "label": "Complete com as medidas em metros nos itens a seguir.",
      "placeholder": "",
      "description": "",
      "default_value": "Saliva de pirulito",
      "additonal_type": null,
      "image": "p1banheiro2",
      "radio": null,
      "input": {
        "dependency": null,
        "fields": [
          {
            "key": "A",
            "label": "A - ",
          },
          {
            "key": "B",
            "label": "B - ",
          },
          {
            "key": "C",
            "label": "C - ",
          },
          {
            "key": "D",
            "label": "D - ",
          },
          {
            "key": "Area",
            "label": "Area - ",
          },
          {
            "key": "Perimetro",
            "label": "Perimetro - ",
          },
          {
            "key": "Pe-direito",
            "label": "Pe-direito - ",
          }
        ]
      }
    },
    {
      "key": "banheiro202",
      "type": "img_plus_input",
      "label": "De acordo as descrições apresentadas, verifique se as esquadrias foram instaladas corretamente:",
      "placeholder": "",
      "description": "",
      "default_value": "Saliva de pirulito",
      "additonal_type": null,
      "image": "p1banheiro1tab",
      "radio": null,
      "input": {
        "dependency": null,
        "fields": [
          {
            "key": "p05",
            "label": "Quantidade instalada P05?",
          },
          {
            "key": "pm04b",
            "label": "Quantidade instalada PM04B?",
          },
          {
            "key": "ef11",
            "label": "Quantidade instalada EF 11?",
          },
        ]
      }
    },
    {
        "key": "banheiro203",
        "type": "text",
        "label": "Quantas luminárias de sobrepor com 2 lâmpadas 32W foram instaladas?",
        "placeholder": "",
        "description": "",
        "default_value": "",
        "additional_type": null,
      },
      {
        "key": "banheiro204",
        "type": "img_plus_input",
        "label": " As divisórias de granito entre os vasos sanitários foram instaladas?",
        "placeholder": "",
        "description": "",
        "default_value": "Saliva de pirulito",
        "additonal_type": null,
        "image": null,
        "radio": [
          {
            "id": 0,
            "description": "Sim",
          },
          {
            "id": 2,
            "description": "Não",
          }
        ],
        "input": {
          "dependency": {
            "key": "radio",
            "value": 0
          },
          "fields": [
            {
              "key": "comp",
              "label": "Altura da divisória:",
            },
            {
              "key": "larg",
              "label": "Largura da divisória:",
            }
          ]
        }
      },
    {
      "key": "banheiro205",
      "type": "text",
      "label": "Quantos vasos sanitários foram instalados?",
      "placeholder": "",
      "description": "",
      "default_value": "",
      "additional_type": null,
    },
    {
        "key": "banheiro206",
        "type": "img_plus_input",
        "label": "A mureta dos chuveiros foi executada?",
        "placeholder": "",
        "description": "",
        "default_value": "Saliva de pirulito",
        "additonal_type": null,
        "image": null,
        "radio": [
          {
            "id": 0,
            "description": "Sim",
          },
          {
            "id": 1,
            "description": "Não",
          }
        ],
      },
    {
        "key": "banheiro207",
        "type": "img_plus_input",
        "label": "O trocador foi instalado?",
        "placeholder": "",
        "description": "",
        "default_value": "Saliva de pirulito",
        "additonal_type": null,
        "image": null,
        "radio": [
          {
            "id": 0,
            "description": "Sim",
          },
          {
            "id": 2,
            "description": "Não",
          }
        ],
        "input": {
          "dependency": {
            "key": "radio",
            "value": 0
          },
          "fields": [
            {
              "key": "comp",
              "label": "Qual o comprimento do trocador?",
            },
            {
              "key": "larg",
              "label": "Qual a largura do trocador?",
            }
          ]
        }
      },
    {
      "key": "banheiro208",
      "type": "img_plus_input",
      "label": "O teto foi pintado?",
      "placeholder": "",
      "description": "",
      "default_value": "Saliva de pirulito",
      "additonal_type": null,
      "image": null,
      "radio": [
        {
          "id": 0,
          "description": "Não",
        },
        {
          "id": 1,
          "description": "Sim",
        }
      ],
    },
    {
      "key": "banheiro209",
      "type": "img_plus_input",
      "label": "Possui rodameio de cerâmica 10 cm x 10 cm?",
      "placeholder": "",
      "description": "",
      "default_value": "Saliva de pirulito",
      "additonal_type": null,
      "image": null,
      "radio": [
        {
          "id": 0,
          "description": "Não",
        },
        {
          "id": 1,
          "description": "Sim",
        }
      ],
    },
    {
      "key": "banheiro210",
      "type": "text",
      "label": "Qual a altura que a cerâmica 20 cm x 20 cm foi instalada?",
      "placeholder": "",
      "description": "",
      "default_value": "",
      "additional_type": null,
    },
    {
      "key": "banheiro211",
      "type": "text",
      "label": "Qual a altura de parede que foi pintada?",
      "placeholder": "",
      "description": "",
      "default_value": "",
      "additional_type": null,
    },
    {
      "key": "banheiro212",
      "type": "img_plus_input",
      "label": "O revestimento foi aplicado em todo o perímetro?",
      "placeholder": "",
      "description": "",
      "default_value": "Saliva de pirulito",
      "additonal_type": null,
      "image": null,
      "radio": [
        {
          "id": 0,
          "description": "Sim",
        },
        {
          "id": 2,
          "description": "Não",
        }
      ],
      "input": {
        "dependency": {
          "key": "radio",
          "value": 2
        },
        "fields": [
          {
            "key": "revestimento",
            "label": "Revestimento (em metros):",
          },
        ]
      }
    },
    {
      "key": "qualificacao",
      "type": "picker",
      "label": "Qual tipo de piso foi instalado?",
      "description": "Selecionar alguma opção",
      "placeholder": "exemplo",
      "default_value": "",
      "aditional_type": null,
      "options": [
        "Bloco de concreto intertravado",
        "Cerâmico",
        "Cimento desempenado",
        "Granitina",
        "Outros"
      ]
    }
  ]
  