[
    {
      "key": "p1repouso401",
      "type": "img_plus_input",
      "label": "Qual a área da sala de repouso? Complete com as medidas em metros nos itens a seguir",
      "placeholder": "",
      "description": "",
      "default_value": "Saliva de pirulito",
      "additonal_type": null,
      "image": "p1repouso2",
      "radio": null,
      "input": {
        "dependency": null,
        "fields": [
          {
            "key": "A",
            "label": "A - ",
          },
          {
            "key": "B",
            "label": "B - ",
          },
          {
            "key": "Area",
            "label": "Area - ",
          },
          {
            "key": "Perimetro",
            "label": "Perimetro - ",
          },
          {
            "key": "Pe-direito",
            "label": "Pe-direito - ",
          }
        ]
      }
    },
    {
      "key":  "p1repouso402",
      "type": "img_plus_input",
      "label": "Observe a descrição das esquadrias a seguir. Elas foram instaladas corretamente?",
      "placeholder": "",
      "description": "",
      "default_value": "Saliva de pirulito",
      "additonal_type": null,
      "image": "p1repouso12",
      "radio": [
        {
          "id": 0,
          "description": "Sim",
        },
        {
          "id": 1,
          "description": "Não",
        }
      ],
      "input": {
        "dependency": {
          "key": "radio",
          "value": 0
        },
        "fields": [
          {
            "key": "revestimento",
            "label": "Qual a quantidade instalada de P05?",
          },
          {
            "key": "revestimento",
            "label": "Qual a quantidade instalada de EF 11?",
          },
        ]
      }
    },
    {
        "key": "p1repouso403",
        "type": "img_plus_input",
        "label": "Foi instalada a divisória entre a sala de repouso e a creche II?",
        "placeholder": "",
        "description": "",
        "default_value": "Saliva de pirulito",
        "additonal_type": null,
        "image": null,
        "radio": [
          {
            "id": 1,
            "description": "Sim",
          },
          {
            "id": 0,
            "description": "Não",
          },
        ],
      },
    {
      "key": "p1repouso404",
      "type": "img_plus_input",
      "label": "O teto foi pintado?",
      "placeholder": "",
      "description": "",
      "default_value": "Saliva de pirulito",
      "additonal_type": null,
      "image": null,
      "radio": [
        {
          "id": 1,
          "description": "Sim",
        },
        {
          "id": 0,
          "description": "Não",
        },
      ],
    },
    {
      "key":  "p1repouso405",
      "type": "img_plus_input",
      "label": "Possui rodameio?",
      "placeholder": "",
      "description": "",
      "default_value": "Saliva de pirulito",
      "additonal_type": null,
      "image": null,
      "radio": [
        {
          "id": 1,
          "description": "Sim",
        },
        {
          "id": 0,
          "description": "Não",
        },
  
      ],
    },
    {
      "key": "p1repouso406",
      "type": "text",
      "label": "Qual a altura que a cerâmica 20 cm x 20 cm foi instalada?",
      "placeholder": "",
      "description": "",
      "default_value": "",
      "additional_type": null,
    },
    {
      "key":  "p1repouso407",
      "type": "text",
      "label": "Qual a altura de parede que foi pintada?",
      "placeholder": "",
      "description": "",
      "default_value": "",
      "additional_type": null,
    },
    {
      "key":  "p1repouso408",
      "type": "img_plus_input",
      "label": "O revestimento foi aplicado em todo o perímetro?",
      "placeholder": "",
      "description": "",
      "default_value": "Saliva de pirulito",
      "additonal_type": null,
      "image": null,
      "radio": [
        {
          "id": 0,
          "description": "Sim",
        },
        {
          "id": 2,
          "description": "Não",
        }
      ],
      "input": {
        "dependency": {
          "key": "radio",
          "value": 2
        },
        "fields": [
          {
            "key": "revestimento",
            "label": "Perímetro não aplicado (em metros):",
          },
        ]
      }
    },

    {
      "key":  "p1repouso409",
      "type": "picker",
      "label": "Qual tipo de piso foi instalado?",
      "description": "Selecionar alguma opção",
      "placeholder": "exemplo",
      "default_value": "",
      "aditional_type": null,
      "options": [
        "Bloco de concreto intertravado",
        "Cerâmica",
        "Cimento desempenado",
        "Granitina",
        "Outros"
      ]
    }
  ]
  