[
  {
    "key": "p1solarium201",
    "type": "img_plus_input",
    "label": "Complete com as medidas em metros nos itens a seguir",
    "placeholder": "",
    "description": "",
    "default_value": "",
    "additonal_type": null,
    "image": "solarium2",
    "radio": null,
    "input": {
      "dependency": null,
      "fields": [
        {
          "key": "A",
          "label": "A - ",
          "default_value": "6,52",

        },
        {
          "key": "B",
          "label": "B - ",
          "default_value": "5,85",

        },
        {
          "key": "C",
          "label": "C - ",
          "default_value": "4,8",

        },
        {
          "key": "D",
          "label": "D - ",
          "default_value": "5,325",

        },
      ]
    }
  },
  {
    "key": "p1solarium202",
    "type": "img_plus_input",
    "label": "Observe a descrição das esquadrias a seguir e verifique se elas foram instaladas corretamente.",
    "placeholder": "",
    "description": "",
    "default_value": 0,
    "additonal_type": null,
    "image": "p1solariumtab1",
    "radio": [
      {
        "id": 0,
        "description": "Sim",
      },
      {
        "id": 1,
        "description": "Não",
      }
    ],
    "input": {
      "dependency": {
        "key": "radio",
        "value": 0
      },
      "fields": [
        {
          "key": "revestimento",
          "label": "Qtd portão:",
          "default_value": "1",
        },
      ]
    }
  },

  {
    "key": "p1solariu103",
    "type": "img_plus_input",
    "label": "As paredes de cobogó foram executadas?",
    "placeholder": "",
    "description": "",
    "default_value": 0,
    "additonal_type": null,
    "image": null,
    "radio": [
      {
        "id": 0,
        "description": "Sim, com as seguintes dimensões:",
      },
      {
        "id":1,
        "description": "Não",
      }
    ],
    "input": {
      "dependency": {
        "key": "radio",
        "value": 0
      },
      "fields": [
        {
          "key": "alt1",
          "label": "Altura 1: ",
          "default_value": "1,3",

        },
        {
          "key": "compr1",
          "label": "Comprimento 1: ",
          "default_value": "5,325",

        },
        {
          "key": "alt2",
          "label": "Altura 2: ",
          "default_value": "1,3",

        },
        {
          "key": "compr2",
          "label": "Comprimento 2: ",
          "default_value": "5,325",

        },
      ]
    }
  },
  {
    "key": "p1solariu104",
    "type": "picker",
    "label": "Qual tipo de piso foi instalado?",
    "description": "Selecionar alguma opção",
    "placeholder": "exemplo",
    "default_value": "Granitina",
    "aditional_type": null,
    "options": [
      "Bloco de concreto intertravado",
      "Cerâmica",
      "Cimento desempenado",
      "Granitina",
      "Outros"
    ]
  }
]
