[
  {
    "key": "deposito01",
    "type": "img_plus_input",
    "label": "Complete com as medidas em metros nos itens a seguir.",
    "placeholder": "",
    "description": "",
    "default_value": "",
    "additonal_type": null,
    "image": "quadradeposito",
    "radio": null,
    "input": {
      "dependency": null,
      "fields": [
        {
          "key": "A",
          "label": "A - ",
          "default_value": "0,8"
        },
        {
          "key": "B",
          "label": "B - ",
          "default_value": "1,55"
        },
        {
          "key": "C",
          "label": "C - ",
          "default_value": "3,35"
        },
        {
          "key": "Pe-direito",
          "label": "Pé-direito - ",
          "default_value": "2,6"
        }
      ]
    }
  },
  {
    "key": "deposito02",
    "type": "img_plus_input",
    "label": "Observe a descrição das esquadrias a seguir e verifique se elas foram instaladas corretamente. Informe os valores em metros:",
    "placeholder": "",
    "description": "",
    "default_value": "",
    "additonal_type": null,
    "image": "esquadriadepositoquadra",
    "radio": null,
    "input": {
      "dependency": null,
      "fields": [
        {
          "key": "p02",
          "label": "Quantidade de Porta de Madeira:",
          "default_value": "1"
        }
      ]
    }
  },
  {
    "key": "deposito03",
    "type": "img_plus_input",
    "label": "Foi instalado cobogó nas paredes do vestiário?",
    "placeholder": "",
    "description": "",
    "default_value": null,
    "additonal_type": null,
    "image": null,
    "radio": [
      {
        "id": 0,
        "description": "Não"
      },
      {
        "id": 2,
        "description": "Sim, com as seguintes dimensões:"
      }
    ],
    "input": {
      "dependency": {
        "key": "radio",
        "value": 2
      },
      "fields": [
        {
          "key": "altura1",
          "label": "altura: ",
          "default_value": "0,5"
        },
        {
          "key": "comprimento1",
          "label": "comprimento: ",
          "default_value": "1,2"
        }
      ]
    }
  },
  {
    "key": "deposito04",
    "type": "radio",
    "label": "O teto foi pintado?",
    "placeholder": "",
    "description": "",
    "default_value": 2,
    "additonal_type": null,
    "image": null,
    "options": [
      {
        "id": 0,
        "description": "Não"
      },
      {
        "id": 2,
        "description": "Sim"
      }
    ]
  },
  {
    "key": "deposito05",
    "type": "text",
    "label": "Qual a altura da parede foi pintada?",
    "placeholder": "",
    "description": "",
    "default_value": "2,6",
    "additional_type": null
  },
  {
    "key": "deposito06",
    "type": "img_plus_input",
    "label": "O revestimento foi aplicado em todo o perímetro?",
    "placeholder": "",
    "description": "",
    "default_value": 1,
    "additonal_type": null,
    "image": null,
    "radio": [
      {
        "id": 0,
        "description": "Não"
      },
      {
        "id": 1,
        "description": "Sim"
      }
    ],
    "input": {
      "dependency": {
        "key": "radio",
        "value": 0
      },
      "fields": [
        {
          "key": "revestimento",
          "label": "Quantidade em metros:"
        }
      ]
    }
  },
  {
    "key": "deposito14",
    "type": "picker",
    "label": "Qual tipo de piso foi instalado?",
    "description": "Selecionar alguma opção",
    "placeholder": "exemplo",
    "default_value": "Cerâmico",
    "aditional_type": null,
    "options": [
      "Bloco de concreto intertravado",
      "Cerâmico",
      "Cimento desempenado",
      "Granitina",
      "Outros"
    ]
  }
]
