[
  {
    "key": "pilares01",
    "type": "img_plus_input",
    "label": "Complete com as medidas em metros nos itens a seguir.",
    "placeholder": "",
    "description": "",
    "default_value": "",
    "additonal_type": null,
    "image": "quadrapilares",
    "radio": null,
    "input": {
      "dependency": null,
      "fields": [
        {
          "key": "Tipo1A",
          "label": "Tipo 1 Azul A - ",
          "default_value": "4,14"
        },
        {
          "key": "Tipo1B",
          "label": "Tipo 1 Azul B - ",
          "default_value": "0,6"
        },
        {
          "key": "Tipo1C",
          "label": "Tipo 1 Azul C - ",
          "default_value": "1,28"
        },
        {
          "key": "Tipo1D",
          "label": "Tipo 1 Azul D - ",
          "default_value": "3,25"
        },
        {
          "key": "Tipo1espessura",
          "label": "Espessura pilar Azul - ",
          "default_value": "0,2"
        },
        {
          "key": "Tipo1qtd",
          "label": "Qtd de pilares Azuis - ",
          "default_value": "10"
        },
        {
          "key": "Tipo2A",
          "label": "Tipo 2 Vermelho A - ",
          "default_value": "4,14"
        },
        {
          "key": "Tipo2B",
          "label": "Tipo 2 Vermelho B - ",
          "default_value": "0,775"
        },
        {
          "key": "Tipo2C",
          "label": "Tipo 2 Vermelho C - ",
          "default_value": "0,925"
        },
        {
          "key": "Tipo2D",
          "label": "Tipo 2 Vermelho D - ",
          "default_value": "3,25"
        },
        {
          "key": "Tipo2espessura",
          "label": "Espessura pilar Vermelho - ",
          "default_value": "0,2"
        },
        {
          "key": "Tipo2qtd",
          "label": "Qtd de pilares Vermelhos - ",
          "default_value": "4"
        }
      ]
    }
  },
  {
    "key": "pilares02",
    "type": "radio",
    "label": "Os pilares foram revestidos (pintados)?",
    "placeholder": "",
    "description": "",
    "default_value": 2,
    "additonal_type": null,
    "image": null,
    "options": [
      {
        "id": 0,
        "description": "Não"
      },
      {
        "id": 2,
        "description": "Sim"
      }
    ]
  }
]
