[
  {
    "key": "vestiarioquadra01",
    "type": "img_plus_input",
    "label": "Complete com as medidas em metros nos itens a seguir.",
    "placeholder": "",
    "description": "",
    "default_value": "",
    "additonal_type": null,
    "image": "sanitariovestiario",
    "radio": null,
    "input": {
      "dependency": null,
      "fields": [
        {
          "key": "A",
          "label": "A - ",
          "default_value": "3,35"
        },
        {
          "key": "B",
          "label": "B - ",
          "default_value": "9,1"
        },
        {
          "key": "C",
          "label": "C - ",
          "default_value": "1,2"
        },
        {
          "key": "D",
          "label": "D - ",
          "default_value": "1,75"
        },
        {
          "key": "E",
          "label": "E - ",
          "default_value": "1,5"
        },
        {
          "key": "F",
          "label": "F - ",
          "default_value": "2,3"
        },
        {
          "key": "G",
          "label": "G - ",
          "default_value": "2,5"
        },
        {
          "key": "H",
          "label": "H - ",
          "default_value": "1,1"
        },
        {
          "key": "Pe-direito",
          "label": "Pé-direito - ",
          "default_value": "2,6"
        }
      ]
    }
  },
  {
    "key": "vestiarioquadra02",
    "type": "img_plus_input",
    "label": "Observe a descrição das esquadrias a seguir e verifique se elas foram instaladas corretamente. Informe os valores em metros:",
    "placeholder": "",
    "description": "",
    "default_value": "",
    "additonal_type": null,
    "image": "esquadria_v1quadra",
    "radio": null,
    "input": {
      "dependency": null,
      "fields": [
        {
          "key": "p02",
          "label": "Qtd de Porta de Mad com bandeira:",
          "default_value": "1"
        },
        {
          "key": "pm04b",
          "label": "Qtd de Porta de Mad sanitário PNE:",
          "default_value": "1"
        },
        {
          "key": "ef13",
          "label": "Qtd de Porta de Mad sanitário comum:",
          "default_value": "2"
        }
      ]
    }
  },
  {
    "key": "vestiarioquadra04",
    "type": "text",
    "label": "Quantos vasos sanitários comuns foram instalados?",
    "placeholder": "",
    "description": "",
    "default_value": "2",
    "additional_type": null
  },
  {
    "key": "vestiarioquadra03",
    "type": "text",
    "label": "Quantos vasos sanitários PNE foram instalados?",
    "placeholder": "",
    "description": "",
    "default_value": "1",
    "additional_type": null
  },
  {
    "key": "vestiarioquadra05",
    "type": "text",
    "label": "Quantas cubas foram instalados?",
    "placeholder": "",
    "description": "",
    "default_value": "3",
    "additional_type": null
  },
  {
    "key": "vestiarioquadra06",
    "type": "text",
    "label": "Quantos chuveiros foram instalados?",
    "placeholder": "",
    "description": "",
    "default_value": "3",
    "additional_type": null
  },
  {
    "key": "vestiarioquadra07",
    "type": "text",
    "label": "Qual o comprimento da bancada?",
    "placeholder": "",
    "description": "",
    "default_value": "2,5",
    "additional_type": null
  },
  {
    "key": "vestiarioquadra09",
    "type": "radio",
    "label": "O banco de concreto foi instalado?",
    "placeholder": "",
    "description": "",
    "default_value": 2,
    "additonal_type": null,
    "image": null,
    "options": [
      {
        "id": 0,
        "description": "Não"
      },
      {
        "id": 2,
        "description": "Sim"
      }
    ]
  },
  {
    "key": "vestiarioquadra10",
    "type": "img_plus_input",
    "label": "Foi instalado cobogó nas paredes do vestiário?",
    "placeholder": "",
    "description": "",
    "default_value": null,
    "additonal_type": null,
    "image": null,
    "radio": [
      {
        "id": 0,
        "description": "Não"
      },
      {
        "id": 2,
        "description": "Sim, com as seguintes dimensões:"
      }
    ],
    "input": {
      "dependency": {
        "key": "radio",
        "value": 2
      },
      "fields": [
        {
          "key": "altura1",
          "label": "altura - parede 1: ",
          "default_value": "0,4"
        },
        {
          "key": "comprimento1",
          "label": "comprimento - parede 1: ",
          "default_value": "3,85"
        },
        {
          "key": "altura2",
          "label": "altura - parede 2: ",
          "default_value": "0,4"
        },
        {
          "key": "comprimento2",
          "label": "comprimento - parede 2: ",
          "default_value": "3,4"
        },
        {
          "key": "altura3",
          "label": "altura - parede 3: ",
          "default_value": "0,5"
        },
        {
          "key": "comprimento3",
          "label": "comprimento - parede 3: ",
          "default_value": "3,2"
        },
        {
          "key": "altura4",
          "label": "altura - parede 4: ",
          "default_value": "0,5"
        },
        {
          "key": "comprimento4",
          "label": "comprimento - parede 4: ",
          "default_value": "1,2"
        },
        {
          "key": "altura5",
          "label": "altura - parede 5: ",
          "default_value": "0,5"
        },
        {
          "key": "comprimento5",
          "label": "comprimento - parede 5: ",
          "default_value": "1,6"
        }
      ]
    }
  },
  {
    "key": "vestiarioquadra11",
    "type": "picker",
    "label": "Qual tipo de piso foi instalado?",
    "description": "Selecionar alguma opção",
    "placeholder": "exemplo",
    "default_value": "Cerâmico",
    "aditional_type": null,
    "options": [
      "Bloco de concreto intertravado",
      "Cerâmico",
      "Cimento desempenado",
      "Granitina",
      "Outros"
    ]
  },
  {
    "key": "vestiarioquadra08",
    "type": "radio",
    "label": "O teto foi pintado?",
    "placeholder": "",
    "description": "",
    "default_value": 2,
    "additonal_type": null,
    "image": null,
    "options": [
      {
        "id": 0,
        "description": "Não"
      },
      {
        "id": 2,
        "description": "Sim"
      }
    ]
  },
  {
    "key": "vestiarioquadra12",
    "type": "text",
    "label": "Qual a altura que a cerâmica 20 cm x 20 cm foi instalada?",
    "placeholder": "",
    "description": "",
    "default_value": "2,6",
    "additional_type": null
  },
  {
    "key": "vestiarioquadra13",
    "type": "img_plus_input",
    "label": "O revestimento foi aplicado em todo o perímetro?",
    "placeholder": "",
    "description": "",
    "default_value": 1,
    "additonal_type": 1,
    "image": null,
    "radio": [
      {
        "id": 0,
        "description": "Não"
      },
      {
        "id": 1,
        "description": "Sim"
      }
    ],
    "input": {
      "dependency": {
        "key": "radio",
        "value": 0
      },
      "fields": [
        {
          "key": "revestimento",
          "label": "Quantidade em metros:"
        }
      ]
    }
  }
]
