[
  {
    "key": "arquibancada01",
    "type": "img_plus_input",
    "label": "Complete com as medidas em metros nos itens a seguir.",
    "placeholder": "",
    "description": "",
    "default_value": "",
    "additonal_type": null,
    "image": "arquibancada",
    "radio": null,
    "input": {
      "dependency": null,
      "fields": [
        {
          "key": "A1",
          "label": "Arquibancada 1A",
          "default_value": "0,2"
        },
        {
          "key": "B1",
          "label": "Arquibancada 1B",
          "default_value": "0,4"
        },
        {
          "key": "C1",
          "label": "Arquibancada 1C",
          "default_value": "0,4"
        },
        {
          "key": "D1",
          "label": "Arquibancada 1D",
          "default_value": "0,4"
        },
        {
          "key": "E1",
          "label": "Arquibancada 1E",
          "default_value": "0,8"
        },
        {
          "key": "F1",
          "label": "Arquibancada 1F",
          "default_value": "0,4"
        },
        {
          "key": "e1xtencao",
          "label": "Arquibancada 1 Extensão - ",
          "default_value": "27,7"
        },
        {
          "key": "A2",
          "label": "Arquibancada 2A",
          "default_value": "0,2"
        },
        {
          "key": "B2",
          "label": "Arquibancada 2B",
          "default_value": "0,4"
        },
        {
          "key": "C2",
          "label": "Arquibancada 2C",
          "default_value": "0,4"
        },
        {
          "key": "D2",
          "label": "Arquibancada 2D",
          "default_value": "0,4"
        },
        {
          "key": "E2",
          "label": "Arquibancada 2E",
          "default_value": "0,8"
        },
        {
          "key": "F2",
          "label": "Arquibancada 2F",
          "default_value": "0,4"
        },
        {
          "key": "e2xtencao",
          "label": "Arquibancada 2 Extensão - ",
          "default_value": "27,7"
        }
      ]
    }
  },
  {
    "key": "arquibancada02",
    "type": "radio",
    "label": "A arquibancada 1 foi revestida?",
    "placeholder": "",
    "description": "",
    "default_value": 2,
    "additonal_type": null,
    "image": null,
    "options": [
      {
        "id": 0,
        "description": "Não"
      },
      {
        "id": 2,
        "description": "Sim"
      }
    ]
  },
  {
    "key": "arquibancada03",
    "type": "radio",
    "label": "A arquibancada 2 foi revestida?",
    "placeholder": "",
    "description": "",
    "default_value": 2,
    "additonal_type": null,
    "image": null,
    "options": [
      {
        "id": 0,
        "description": "Não"
      },
      {
        "id": 2,
        "description": "Sim"
      }
    ]
  },
  {
    "key": "arquibancada04",
    "type": "img_plus_input",
    "label": "Quais são as dimensões dos corredores?",
    "placeholder": "",
    "description": "",
    "default_value": "",
    "additonal_type": null,
    "image": "arquibancadacorredores",
    "radio": null,
    "input": {
      "dependency": null,
      "fields": [
        {
          "key": "l1",
          "label": "Largura 1 - ",
          "default_value": "1,35"
        },
        {
          "key": "c1",
          "label": "Comprimento 1 - ",
          "default_value": "30,05"
        },
        {
          "key": "l2",
          "label": "Largura 2 - ",
          "default_value": "1,35"
        },
        {
          "key": "c2",
          "label": "Comprimento 2 - ",
          "default_value": "30,05"
        },
        {
          "key": "l3",
          "label": "Largura 3 - ",
          "default_value": "2,35"
        },
        {
          "key": "c3",
          "label": "Comprimento 3 - ",
          "default_value": "18,8"
        }
      ]
    }
  },
  {
    "key": "arquibancada05",
    "type": "text",
    "label": "Quantas rampas para deficientes foram instaladas?",
    "placeholder": "",
    "description": "",
    "default_value": "4",
    "additional_type": null
  },
  {
    "key": "arquibancada06",
    "type": "picker",
    "label": "Qual tipo de piso foi instalado?",
    "description": "Selecionar alguma opção",
    "placeholder": "exemplo",
    "default_value": "Concreto armado com tela",
    "aditional_type": null,
    "options": [
      "Bloco de concreto intertravado",
      "Cerâmico",
      "Cimento desempenado",
      "Granitina",
      "Concreto armado com tela",
      "Outros"
    ]
  }
]
