[
  {
    "key": "quadra01",
    "type": "img_plus_input",
    "label": "Complete com as medidas em metros nos itens a seguir.",
    "placeholder": "",
    "description": "",
    "default_value": "",
    "additonal_type": null,
    "image": "quadra",
    "radio": null,
    "input": {
      "dependency": null,
      "fields": [
        {
          "key": "A",
          "label": "A - ",
          "default_value": "30"
        },
        {
          "key": "B",
          "label": "B - ",
          "default_value": "16"
        }
      ]
    }
  },
  {
    "key": "quadra02",
    "type": "img_plus_input",
    "label": "Observe a descrição das esquadrias a seguir e verifique se elas foram instaladas: Portão em tubo de FG e tela de arame galvanizdo.",
    "placeholder": "",
    "description": "",
    "default_value": "",
    "additonal_type": null,
    "image": null,
    "radio": null,
    "input": {
      "dependency": null,
      "fields": [
        {
          "key": "p02",
          "label": "Quantidade instalada:",
          "default_value": "4"
        }
      ]
    }
  },
  {
    "key": "quadra03",
    "type": "text",
    "label": "Quantas luminárias blindadas linha industrial foram instaladas?",
    "placeholder": "",
    "description": "",
    "default_value": "20",
    "additional_type": null
  },
  {
    "key": "quadra04",
    "type": "radio",
    "label": "Foram instaladas duas tabelas de basquete?",
    "placeholder": "",
    "description": "",
    "default_value": 2,
    "additonal_type": null,
    "image": null,
    "options": [
      {
        "id": 0,
        "description": "Não"
      },
      {
        "id": 2,
        "description": "Sim"
      }
    ]
  },
  {
    "key": "quadra05",
    "type": "radio",
    "label": "Foram instaladas duas traves de futsal?",
    "placeholder": "",
    "description": "",
    "default_value": 2,
    "additonal_type": null,
    "image": null,
    "options": [
      {
        "id": 0,
        "description": "Não"
      },
      {
        "id": 2,
        "description": "Sim"
      }
    ]
  },
  {
    "key": "quadra06",
    "type": "radio",
    "label": "Foi instalada uma estrutura para rede de vôlei?",
    "placeholder": "",
    "description": "",
    "default_value": 1,
    "additonal_type": null,
    "image": null,
    "options": [
      {
        "id": 0,
        "description": "Não"
      },
      {
        "id": 1,
        "description": "Sim"
      }
    ]
  },
  {
    "key": "quadra07",
    "type": "img_plus_input",
    "label": "Complete com as medidas em metros nos itens a seguir.",
    "placeholder": "",
    "description": "",
    "default_value": "",
    "additonal_type": null,
    "image": "alambrado",
    "radio": null,
    "input": {
      "dependency": null,
      "fields": [
        {
          "key": "A",
          "label": "A - ",
          "default_value": "1,5"
        },
        {
          "key": "B",
          "label": "B - ",
          "default_value": "3,0"
        },
        {
          "key": "C",
          "label": "C - ",
          "default_value": "2,0"
        }
      ]
    }
  },
  {
    "key": "quadra08",
    "type": "picker",
    "label": "Qual tipo de piso foi instalado?",
    "description": "Selecionar alguma opção",
    "placeholder": "exemplo",
    "default_value": "Concreto armado com tela",
    "aditional_type": null,
    "options": [
      "Bloco de concreto intertravado",
      "Cerâmico",
      "Cimento desempenado",
      "Granitina",
      "Concreto armado com tela",
      "Outros"
    ]
  },
  {
    "key": "quadra09",
    "type": "img_plus_input",
    "label": "A quadra foi pintada de acordo com o padrão?",
    "placeholder": "",
    "description": "",
    "default_value": 1,
    "additonal_type": null,
    "image": "quadrapadrao",
    "radio": [
      {
        "id": 1,
        "description": "Sim"
      },
      {
        "id": 0,
        "description": "Não"
      }
    ]
  },
  {
    "key": "quadra10",
    "type": "radio",
    "label": "As juntas de retração foram executadas?",
    "placeholder": "",
    "description": "",
    "default_value": 1,
    "additonal_type": null,
    "image": null,
    "options": [
      {
        "id": 0,
        "description": "Não"
      },
      {
        "id": 1,
        "description": "Sim"
      }
    ]
  },
  {
    "key": "quadra11",
    "type": "img_plus_input",
    "label": "Observe o revestimento das paredes do fundo da quadra.",
    "placeholder": "",
    "description": "",
    "default_value": "",
    "additonal_type": null,
    "image": "plantaquadra",
    "radio": null,
    "input": {
      "dependency": null,
      "fields": [
        {
          "key": "A",
          "label": "Qual a altura da parede? ",
          "default_value": "3"
        }
      ]
    }
  },
  {
    "key": "quadra12",
    "type": "img_plus_input",
    "label": "A parede foi revestida em toda a sua extensão?",
    "placeholder": "",
    "description": "",
    "default_value": 1,
    "additonal_type": null,
    "image": null,
    "radio": [
      {
        "id": 0,
        "description": "Não"
      },
      {
        "id": 1,
        "description": "Sim"
      }
    ],
    "input": {
      "dependency": {
        "key": "radio",
        "value": 0
      },
      "fields": [
        {
          "key": "revestimento",
          "label": "Quantidade em metros:"
        }
      ]
    }
  },
  {
    "key": "quadra13",
    "type": "img_plus_input",
    "label": "O revestimento foi aplicado em todo o perímetro?",
    "placeholder": "",
    "description": "",
    "default_value": 1,
    "additonal_type": null,
    "image": null,
    "radio": [
      {
        "id": 0,
        "description": "Não"
      },
      {
        "id": 1,
        "description": "Sim"
      }
    ],
    "input": {
      "dependency": {
        "key": "radio",
        "value": 0
      },
      "fields": [
        {
          "key": "revestimento",
          "label": "Quantidade em metros:"
        }
      ]
    }
  },
  {
    "key": "quadra14",
    "type": "img_plus_input",
    "label": "Observe as paredes de cobogó. Obs: C/G = medida próxima ao pilar e E = medida no ponto central da cobertura.",
    "placeholder": "",
    "description": "",
    "default_value": 1,
    "additonal_type": null,
    "image": "quadracobogo",
    "input": {
      "dependency": null,
      "fields": [
        {
          "key": "Parede 1 - A",
          "label": "Parede 1 - A",
          "default_value": "0,7"
        },
        {
          "key": "Parede 1 - B",
          "label": "Parede 1 - B",
          "default_value": "5,1"
        },
        {
          "key": "Parede 1 - C",
          "label": "Parede 1 - C",
          "default_value": "3,68"
        },
        {
          "key": "Parede 1 - D",
          "label": "Parede 1 - D",
          "default_value": "5,1"
        },
        {
          "key": "Parede 1 - E",
          "label": "Parede 1 - E",
          "default_value": "5,72"
        },
        {
          "key": "Parede 1 - F",
          "label": "Parede 1 - F",
          "default_value": "5,1"
        },
        {
          "key": "Parede 1 - G",
          "label": "Parede 1 - G",
          "default_value": "3,68"
        },
        {
          "key": "Parede 1 - H",
          "label": "Parede 1 - H",
          "default_value": "5,1"
        },
        {
          "key": "Parede 1 - I",
          "label": "Parede 1 - I",
          "default_value": "0,7"
        },
        {
          "key": "Parede 2 - A",
          "label": "Parede 2 - A",
          "default_value": "0,7"
        },
        {
          "key": "Parede 2 - B",
          "label": "Parede 2 - B",
          "default_value": "5,1"
        },
        {
          "key": "Parede 2 - C",
          "label": "Parede 2 - C",
          "default_value": "3,68"
        },
        {
          "key": "Parede 2 - D",
          "label": "Parede 2 - D",
          "default_value": "5,1"
        },
        {
          "key": "Parede 2 - E",
          "label": "Parede 2 - E",
          "default_value": "5,72"
        },
        {
          "key": "Parede 2 - F",
          "label": "Parede 2 - F",
          "default_value": "5,1"
        },
        {
          "key": "Parede 2 - G",
          "label": "Parede 2 - G",
          "default_value": "3,68"
        },
        {
          "key": "Parede 2 - H",
          "label": "Parede 2 - H",
          "default_value": "5,1"
        },
        {
          "key": "Parede 2 - I",
          "label": "Parede 2 - I",
          "default_value": "0,7"
        }
      ]
    }
  }
]
