[
  {
    "key": "quadraarea01",
    "type": "radio",
    "label": "O teto foi pintado?",
    "placeholder": "",
    "description": "",
    "default_value": 2,
    "additonal_type": null,
    "image": null,
    "options": [
      {
        "id": 0,
        "description": "Não"
      },
      {
        "id": 2,
        "description": "Sim"
      }
    ]
  },
  {
    "key": "quadraarea02",
    "type": "text",
    "label": "Qual a altura da cerâmica 10 cm x 10 cm?",
    "placeholder": "",
    "description": "",
    "default_value": "3,05",
    "additional_type": null
  },
  {
    "key": "quadraarea03",
    "type": "radio",
    "label": "A estrutura da caixa d'água foi revestida com cerâmica 10cm x 10cm?",
    "placeholder": "",
    "description": "",
    "default_value": 2,
    "additonal_type": null,
    "image": null,
    "options": [
      {
        "id": 0,
        "description": "Não"
      },
      {
        "id": 2,
        "description": "Sim"
      }
    ]
  },
  {
    "key": "quadraarea04",
    "type": "radio",
    "label": "A platibanda foi pintada?",
    "placeholder": "",
    "description": "",
    "default_value": 2,
    "additonal_type": null,
    "image": null,
    "options": [
      {
        "id": 0,
        "description": "Não"
      },
      {
        "id": 2,
        "description": "Sim"
      }
    ]
  },
  {
    "key": "quadraarea05",
    "type": "radio",
    "label": "Foi instalada caixa d'água de 3000L?",
    "placeholder": "",
    "description": "",
    "default_value": 2,
    "additonal_type": null,
    "image": null,
    "options": [
      {
        "id": 0,
        "description": "Não"
      },
      {
        "id": 2,
        "description": "Sim"
      }
    ]
  },
  {
    "key": "quadraarea06",
    "type": "img_plus_input",
    "label": "A estrutura está compatível com a dimensão da construção?",
    "placeholder": "",
    "description": "",
    "default_value": 0,
    "additonal_type": null,
    "radio": [
      {
        "id": 1,
        "description": "Não"
      },
      {
        "id": 0,
        "description": "Sim"
      }
    ],
    "input": {
      "dependency": {
        "key": "radio",
        "value": 1
      },
      "fields": [
        {
          "key": "nota",
          "label": "Se necessário anote a seguir:",
          "default_value": 1
        }
      ]
    }
  }
]
