[
  {
    "key": "recepcao",
    "type": "img_plus_input",
    "label": "Complete com as medidas em metros nos itens a seguir:",
    "placeholder": "",
    "description": "",
    "default_value": "Saliva de pirulito",
    "additonal_type": null,
    "image": "Foto3",
    "radio": null,
    "input": {
      "dependency": null,
      "fields": [
        {
          "key": "A",
          "label": "A - ",
          "default_value": "5,25"
        },
        {
          "key": "B",
          "label": "B - ",
          "default_value": "1,65"
        },
        {
          "key": "C",
          "label": "C - ",
          "default_value": "0,77"
        },
        {
          "key": "D",
          "label": "D - ",
          "default_value": "0,84"
        },
        {
          "key": "Area",
          "label": "Area - ",
          "default_value": "34,16"
        },
        {
          "key": "Perimetro",
          "label": "Perimetro - ",
          "default_value": "31,37"
        },
        {
          "key": "Pe-direito",
          "label": "Pe-direito - ",
          "default_value": "2,6"
        }
      ]
    }
  },
  {
    "key": "recepcao1",
    "type": "img_plus_input",
    "label": "De acordo as descrições apresentadas, verifique se as esquadrias foram instaladas corretamente:",
    "placeholder": "",
    "description": "",
    "default_value": "Saliva de pirulito",
    "additonal_type": null,
    "image": "Foto4",
    "radio": null,
    "input": {
      "dependency": null,
      "fields": [
        {
          "key": "pa06",
          "label": "Quantidade instalada P06?",
          "default_value": "2"
        },
        {
          "key": "ef28",
          "label": "Quantidade instalada EF 28?",
          "default_value": "1"
        }
      ]
    }
  },
  {
    "key": "recepcao2",
    "type": "text",
    "label": "Quantas luminárias de sobrepor com 2 lâmpadas 32W foram instaladas?",
    "placeholder": "",
    "description": "",
    "default_value": "3",
    "additional_type": null
  },
  {
    "key": "recepcao3",
    "type": "img_plus_input",
    "label": "A bancada de granito foi instalada?",
    "placeholder": "",
    "description": "",
    "default_value": "",
    "additonal_type": null,
    "image": "Foto5",
    "radio": [
      {
        "id": 0,
        "description": "Não"
      },
      {
        "id": 2,
        "description": "Sim, com as seguintes dimensões em  metros:"
      }
    ],
    "input": {
      "dependency": {
        "key": "radio",
        "value": 2
      },
      "fields": [
        {
          "key": "Comprimento",
          "label": "Comprimento: ",
          "default_value": "0,55"
        },
        {
          "key": "Largura",
          "label": "Largura: ",
          "default_value": "0,707"
        }
      ]
    }
  },
  {
    "key": "recepcao5",
    "type": "picker",
    "label": "Qual tipo de piso foi instalado?",
    "description": "Selecionar alguma opção",
    "placeholder": "exemplo",
    "default_value": "Granitina",
    "aditional_type": null,
    "options": [
      "Bloco de concreto intertravado",
      "Cerâmico",
      "Cimento desempenado",
      "Granitina",
      "Outros"
    ]
  },
]
