[
  {
    "key": "sanitario201",
    "type": "img_plus_input",
    "label": "Complete com as medidas em metros nos itens a seguir.",
    "placeholder": "",
    "description": "",
    "default_value": "Saliva de pirulito",
    "additonal_type": null,
    "image": "sanitario1",
    "radio": null,
    "input": {
      "dependency": null,
      "fields": [
        {
          "key": "A",
          "label": "A - ",
          "default_value": "2,25"
        },
        {
          "key": "B",
          "label": "B - ",
          "default_value": "1,2"
        },
        {
          "key": "C",
          "label": "C - ",
          "default_value": "3,45"
        },
        {
          "key": "D",
          "label": "D - ",
          "default_value": "2,8"
        },
        {
          "key": "Pe-direito",
          "label": "Pé-direito - ",
          "default_value": "2,6"
        }
      ]
    }
  },
  {
    "key": "sanitario202",
    "type": "img_plus_input",
    "label": "Observe a descrição das esquadrias a seguir e verifique se elas foram instaladas corretamente. Informe os valores em metros:",
    "placeholder": "",
    "description": "",
    "default_value": "Saliva de pirulito",
    "additonal_type": null,
    "image": "tabelasanitario1",
    "radio": null,
    "input": {
      "dependency": null,
      "fields": [
        {
          "key": "p02",
          "label": "Quantidade de P02:",
          "default_value": "1"
        },
        {
          "key": "pm04b",
          "label": "Quantidade de PM04B:",
          "default_value": "3"
        },
        {
          "key": "ef13",
          "label": "Quantidade de EF13:",
          "default_value": "2"
        }
      ]
    }
  },
  {
    "key": "sanitario203",
    "type": "text",
    "label": "Quantas luminárias de sobrepor com 2 lâmpadas 32W foram instaladas?",
    "placeholder": "",
    "description": "",
    "default_value": "2",
    "additional_type": null
  },
  {
    "key": "sanitario204",
    "type": "text",
    "label": "Quantos vasos sanitários foram instalados?",
    "placeholder": "",
    "description": "",
    "default_value": "4",
    "additional_type": null
  },
  {
    "key": "sanitario205",
    "type": "radio",
    "label": "A mureta dos chuveiros foi executada?",
    "placeholder": "",
    "description": "",
    "default_value": 2,
    "additonal_type": null,
    "image": null,
    "options": [
      {
        "id": 0,
        "description": "Não"
      },
      {
        "id": 2,
        "description": "Sim"
      }
    ]
  },
  {
    "key": "sanitario206",
    "type": "radio",
    "label": "O teto foi pintado?",
    "placeholder": "",
    "description": "",
    "default_value": 2,
    "additonal_type": null,
    "image": null,
    "options": [
      {
        "id": 0,
        "description": "Não"
      },
      {
        "id": 2,
        "description": "Sim"
      }
    ]
  },
  {
    "key": "sanitario207",
    "type": "radio",
    "label": "Possui rodameio de cerâmica 10 cm x 10 cm?",
    "placeholder": "",
    "description": "",
    "default_value": 1,
    "additonal_type": null,
    "image": null,
    "options": [
      {
        "id": 0,
        "description": "Não"
      },
      {
        "id": 1,
        "description": "Sim"
      }
    ]
  },
  {
    "key": "sanitario208",
    "type": "text",
    "label": "Qual a altura que a cerâmica 20 cm x 20 cm foi instalada?",
    "placeholder": "",
    "description": "",
    "default_value": "1,7",
    "additional_type": null
  },
  {
    "key": "sanitario209",
    "type": "text",
    "label": "Qual a altura da parede que foi pintada?",
    "placeholder": "",
    "description": "",
    "default_value": "0,8",
    "additional_type": null
  },
  {
    "key": "sanitario210",
    "type": "img_plus_input",
    "label": "O revestimento foi aplicado em todo o perímetro?",
    "placeholder": "",
    "description": "",
    "default_value": 1,
    "additonal_type": null,
    "image": null,
    "radio": [
      {
        "id": 0,
        "description": "Não"
      },
      {
        "id": 1,
        "description": "Sim"
      }
    ],
    "input": {
      "dependency": {
        "key": "radio",
        "value": 0
      },
      "fields": [
        {
          "key": "revestimento",
          "label": "Quantidade em metros:"
        }
      ]
    }
  },
  {
    "key": "sanitario212",
    "type": "img_plus_input",
    "label": "A divisórias de granito entre os vasos sanitários foram instaladas?",
    "placeholder": "",
    "description": "",
    "default_value": 0,
    "additonal_type": null,
    "image": "divisoriasanitario1",
    "radio": [
      {
        "id": 0,
        "description": "Sim, com as seguintes dimensões:"
      },
      {
        "id": 2,
        "description": "Não"
      }
    ],
    "input": {
      "dependency": {
        "key": "radio",
        "value": 0
      },
      "fields": [
        {
          "key": "alturaa",
          "label": "Altura da divisória de A:",
          "default_value": "1,8"
        },
        {
          "key": "larguraa",
          "label": "Largura da divisória de A:",
          "default_value": "0,25"
        },
        {
          "key": "qtda",
          "label": "Qtd de divisórias de A:",
          "default_value": "1"
        },
        {
          "key": "alturab",
          "label": "Altura da divisória de B:",
          "default_value": "1,8"
        },
        {
          "key": "largurab",
          "label": "Largura da divisória de B:",
          "default_value": "0,8"
        },
        {
          "key": "qtdb",
          "label": "Qtd de divisórias de B:",
          "default_value": "3"
        },
        {
          "key": "alturac",
          "label": "Altura da divisória de C:",
          "default_value": "1,8"
        },
        {
          "key": "largurac",
          "label": "Largura da divisória de C:",
          "default_value": "0,8"
        },
        {
          "key": "qtdc",
          "label": "Qtd de divisórias de C:",
          "default_value": "1"
        }
      ]
    }
  },
  {
    "key": "sanitario213",
    "type": "img_plus_input",
    "label": "A bancada de granito foi instalada?",
    "placeholder": "",
    "description": "",
    "default_value": 0,
    "additonal_type": null,
    "image": null,
    "radio": [
      {
        "id": 0,
        "description": "Sim, com as seguintes dimensões:"
      },
      {
        "id": 2,
        "description": "Não"
      }
    ],
    "input": {
      "dependency": {
        "key": "radio",
        "value": 0
      },
      "fields": [
        {
          "key": "comp",
          "label": "Comprimento da bancada:",
          "default_value": "2,5"
        },
        {
          "key": "larg",
          "label": "Largura da bancada:",
          "default_value": "0,45"
        }
      ]
    }
  },
  {
    "key": "sanitario214",
    "type": "picker",
    "label": "Qual tipo de piso foi instalado?",
    "description": "Selecionar alguma opção",
    "placeholder": "exemplo",
    "default_value": "Granitina",
    "aditional_type": null,
    "options": [
      "Bloco de concreto intertravado",
      "Cerâmico",
      "Cimento desempenado",
      "Granitina",
      "Outros"
    ]
  }
]
