[
  {
    "key": "sanitariopne01",
    "type": "img_plus_input",
    "label": "Complete com as medidas em metros nos itens a seguir.",
    "placeholder": "",
    "description": "",
    "default_value": "Saliva de pirulito",
    "additonal_type": null,
    "image": "Foto8",
    "radio": null,
    "input": {
      "dependency": null,
      "fields": [
        {
          "key": "A",
          "label": "A - ",
          "default_value": "2,25"
        },
        {
          "key": "B",
          "label": "B - ",
          "default_value": "2,25"
        },
        {
          "key": "Pe-direito",
          "label": "Pé-direito - ",
          "default_value": "2,6"
        }
      ]
    }
  },
  {
    "key": "sanitariopne02",
    "type": "img_plus_input",
    "label": "De acordo as descrições apresentadas, verifique se as esquadrias foram instaladas corretamente:",
    "placeholder": "",
    "description": "",
    "default_value": "Saliva de pirulito",
    "additonal_type": null,
    "image": "tabelasanitariopne1",
    "radio": null,
    "input": {
      "dependency": null,
      "fields": [
        {
          "key": "p02",
          "label": "Quantidade de P02:",
          "default_value": "1"
        },
        {
          "key": "ef11",
          "label": "Quantidade de EF11:",
          "default_value": "1"
        },
        {
          "key": "ef12",
          "label": "Quantidade de EF12:",
          "default_value": "1"
        }
      ]
    }
  },
  {
    "key": "sanitariopne03",
    "type": "text",
    "label": "Quantos vasos sanitários foram instalados?",
    "placeholder": "",
    "description": "",
    "default_value": "1",
    "additional_type": null
  },
  {
    "key": "sanitariopne04",
    "type": "radio",
    "label": "O teto foi pintado?",
    "placeholder": "",
    "description": "",
    "default_value": 2,
    "additonal_type": null,
    "image": null,
    "options": [
      {
        "id": 0,
        "description": "Não"
      },
      {
        "id": 2,
        "description": "Sim"
      }
    ]
  },
  {
    "key": "sanitariopne05",
    "type": "radio",
    "label": "Possui rodameio de cerâmica 10 cm x 10 cm?",
    "placeholder": "",
    "description": "",
    "default_value": 1,
    "additonal_type": null,
    "image": null,
    "options": [
      {
        "id": 0,
        "description": "Não"
      },
      {
        "id": 1,
        "description": "Sim"
      }
    ]
  },
  {
    "key": "sanitariopne06",
    "type": "text",
    "label": "Qual a altura que a cerâmica 20 cm x 20 cm foi instalada?",
    "placeholder": "",
    "description": "",
    "default_value": "1,7",
    "additional_type": null
  },
  {
    "key": "sanitariopne07",
    "type": "text",
    "label": "Qual a altura da parede que foi pintada?",
    "placeholder": "",
    "description": "",
    "default_value": "0,8",
    "additional_type": null
  },
  {
    "key": "sanitariopne08",
    "type": "img_plus_input",
    "label": "O revestimento foi aplicado em todo o perímetro?",
    "placeholder": "",
    "description": "",
    "default_value": 1,
    "additonal_type": null,
    "image": null,
    "radio": [
      {
        "id": 0,
        "description": "Não"
      },
      {
        "id": 1,
        "description": "Sim"
      }
    ],
    "input": {
      "dependency": {
        "key": "radio",
        "value": 0
      },
      "fields": [
        {
          "key": "altura1",
          "label": "Quantidade em metros: "
        }
      ]
    }
  },
  {
    "key": "sanitariopne09",
    "type": "picker",
    "label": "Qual tipo de piso foi instalado?",
    "description": "Selecionar alguma opção",
    "placeholder": "exemplo",
    "default_value": "Granitina",
    "aditional_type": null,
    "options": [
      "Bloco de concreto intertravado",
      "Cerâmico",
      "Cimento desempenado",
      "Granitina",
      "Outros"
    ]
  }
]
