[
    {
      "key": "servreserv01",
      "type": "img_plus_input",
      "label": "A caixa em alvenaria foi instalada?",
      "placeholder": "",
      "description": "Selecionar alguma opção",
      "default_value": 0,
      "additonal_type": null,
      "image": null,
      "radio": [
        {
          "id": 0,
          "description": "Sim, com as seguintes dimensões:",
        },
        {
          "id": 1,
          "description": "Não",
        },

      ],
      "input": {
        "dependency": {
          "key": "radio",
          "value": 0
        },
        "fields": [
          {
            "key": "Altura",
            "label": "Altura: ",
            "default_value":"3,57"
          },
          {
            "key": "Diâmetro:",
            "label": "Diâmetro: ",
            "default_value":"13,45"
          },
        ]
      }
    },
    {
        "key": "servreserv02",
        "type": "img_plus_input",
        "label": "De acordo as descrições apresentadas, verifique se as esquadrias foram instaladas corretamente:",
        "placeholder": "",
        "description": "",
        "default_value": "Saliva de pirulito",
        "additonal_type": null,
        "image": "serv_reservatorio",
        "radio": null,
        "input": {
          "dependency": null,
          "fields": [
            {
              "key": "a",
              "label": "Veneziana metálica para ventilação",
              "default_value":"7"
            },
            {
              "key": "b",
              "label": "Veneziana metálica cega sobreposta",
              "default_value":"4"
            },
            {
              "key": "c",
              "label": "Portinhola",
              "default_value":"2"
            },
          ]
        }
      },
    {
      "key": "servreserv03",
      "type": "radio",
      "label": "A caixa d'água de 15.000 litros foi instalada?",
      "placeholder": "",
      "description": "",
      "default_value": 0,
      "additonal_type": null,
      "image": null,
      "options": [
        {
          "id": 0,
          "description": "Sim",
        },
        {
          "id": 1,
          "description": "Não",
        },

      ]
    },
    {
      "key": "servreserv04",
      "type": "radio",
      "label": "A escada marinheiro foi instalada?",
      "placeholder": "",
      "description": "",
      "default_value": 0,
      "additonal_type": null,
      "image": null,
      "options": [
        {
          "id": 0,
          "description": "Sim",
        },
        {
          "id": 1,
          "description": "Não",
        },

      ]
    },
    {
        "key": "servreserv05",
        "type": "radio",
        "label": "O reservatório foi revestido (pintado)?",
        "placeholder": "",
        "description": "",
        "default_value": 0,
        "additonal_type": null,
        "image": null,
        "options": [
          {
            "id": 0,
            "description": "Sim",
          },
          {
            "id": 1,
            "description": "Não",
          },

        ]
      },
  ]
