[
    {
      "key": "servroup01",
      "type": "img_plus_input",
      "label": "Complete com as medidas em metros nos itens a seguir:",
      "placeholder": "",
      "description": "",
      "default_value": "",
      "additonal_type": null,
      "image": "servroup1",
      "radio": null,
      "input": {
        "dependency": null,
        "fields": [
          {
            "key": "A",
            "label": "A - ",
            "default_value": "2,85",

          },
          {
            "key": "B",
            "label": "B - ",
            "default_value": "1,52",

          },
          {
            "key": "Pe-direito",
            "label": "Pe-direito - ",
            "default_value": "2,6",

          }
        ]
      }
    },
    {
      "key": "servroup02",
      "type": "img_plus_input",
      "label": "De acordo as descrições apresentadas, verifique se as esquadrias foram instaladas corretamente:",
      "placeholder": "",
      "description": "",
      "default_value": "",
      "additonal_type": null,
      "image": "servrop2",
      "radio": null,
      "input": {
        "dependency": null,
        "fields": [
          {
            "key": "p03",
            "label": "Quantidade instalada P05?",
            "default_value": "1",

          },
          {
            "key": "pm04b",
            "label": "Quantidade instalada PM04B?",
            "default_value": "1",

          },
        ]
      }
    },


      {
        "key": "servroup06",
        "type": "radio",
        "label": "O teto foi pintado?",
        "placeholder": "",
        "description": "",
        "default_value": 0,
        "additonal_type": null,
        "image": null,
        "options": [
          {
            "id": 0,
            "description": "Sim",
          },
          {
            "id": 1,
            "description": "Não",
          },

        ]
      },
      {
        "key": "servroup07",
        "type": "img_plus_input",
        "label": "A cerâmica 20cm x 20cm foi aplicada na parede toda?",
        "placeholder": "",
        "description": "",
        "default_value": 0,
        "additonal_type": null,
        "image": null,
        "radio": [
          {
            "id": 0,
            "description": "Sim",
          },
          {
            "id": 1,
            "description": "Não",
          },

        ],
        "input": {
          "dependency": {
            "key": "radio",
            "value": 1
          },
          "fields": [
            {
              "key": "revestimento",
              "label": "Não, em:",
            },
          ]
        }
      },
      {
        "key": "servroup09",
        "type": "img_plus_input",
        "label": "O revestimento foi aplicado em todo perímetro?",
        "placeholder": "",
        "description": "",
        "default_value": 0,
        "additonal_type": null,
        "image": null,
        "radio": [
          {
            "id": 0,
            "description": "Sim",
          },
          {
            "id": 1,
            "description": "Não",
          },

        ],
        "input": {
          "dependency": {
            "key": "radio",
            "value": 1
          },
          "fields": [
            {
              "key": "revestimento",
              "label": "Não, em:",
            },
          ]
        }
      },
      {
        "key": "servroup03",
        "type": "img_plus_input",
        "label": "A bancada foi instalada?",
        "placeholder": "",
        "description": "Selecionar alguma opção",
        "default_value": 0,
        "additonal_type": null,
        "image": "servdeposito3",
        "radio": [
          {
            "id": 0,
            "description": "Sim, com as seguintes dimensões em  metros:",
          },
          {
            "id": 1,
            "description": "Não",
          },

        ],
        "input": {
          "dependency": {
            "key": "radio",
            "value": 0
          },
          "fields": [
            {
              "key": "Comprimento1",
              "label": "Comprimento da prateleira 1: ",
              "default_value": "1,65",

            },
            {
              "key": "Largura1",
              "label": "Largura da prateleira 1: ",
              "default_value": "0,4",

            },
            {
                "key": "quantidade1",
                "label": "Número de prateleiras 2: ",
                "default_value": "4",

              },
              {
                "key": "Comprimento2",
                "label": "Comprimento da prateleira 2: ",
                "default_value": "2,45",

              },
              {
                "key": "Largura2",
                "label": "Largura da prateleira 2: ",
                "default_value": "0,47",

              },
              {
                  "key": "quantidade2",
                  "label": "Número de prateleiras 2: ",
                  "default_value": "4",

                },
          ]
        }
      },
    {
      "key": "servroup05",
      "type": "picker",
      "label": "Qual tipo de piso foi instalado?",
      "description": "Selecionar alguma opção",
      "placeholder": "exemplo",
      "default_value": "Granitina",
      "aditional_type": null,
      "options": [
        "Bloco de concreto intertravado",
        "Cerâmico",
        "Cimento desempenado",
        "Granitina",
        "Outros"
      ],
    },
  ]
