[
    {
        "key": "serv_externo1",
        "type": "radio",
        "label": "O teto foi pintado?",
        "placeholder": "",
        "description": "",
        "default_value": 0,
        "additonal_type": null,
        "image": null,
        "options": [
          {
            "id": 0,
            "description": "Sim",
          },
          {
            "id": 1,
            "description": "Não",
          },

        ]
      },
      {
        "key": "serv_externo2",
        "type": "text",
        "label": "Qual altura foi pintado?",
        "placeholder": "",
        "description": "",
        "default_value": "2,1",
        "additional_type": null,
      },
      {
        "key": "serv_externo3",
        "type": "text",
        "label": "Qual altura da faixa inferior de cerâmica 10x10? instalada",
        "placeholder": "",
        "description": "",
        "default_value": "0,5",
        "additional_type": null,
      },
      {
        "key": "serv_externo4",
        "type": "radio",
        "label": "A faixa superior de cerâmica 10cm x 10cm foi instalada?",
        "placeholder": "",
        "description": "",
        "default_value": 0,
        "additonal_type": null,
        "image": null,
        "options": [
          {
            "id": 0,
            "description": "Sim",
          },
          {
            "id": 1,
            "description": "Não",
          },

        ]
      },
      {
        "key": "serv_externo55",
        "type": "radio",
        "label": "Os triângulos da coberta foram revestidos com cerâmica 10 x 10 cm?",
        "placeholder": "",
        "description": "",
        "default_value": 0,
        "additonal_type": null,
        "image": null,
        "options": [
          {
            "id": 0,
            "description": "Sim",
          },
          {
            "id": 1,
            "description": "Não",
          },
        ],
      },
      {
        "key": "serv_externo5",
        "type": "img_plus_input",
        "label": "O revestimento foi aplicado em todo o perímetro?",
        "placeholder": "",
        "description": "",
        "default_value": 0,
        "additonal_type": null,
        "image": null,
        "radio": [
          {
            "id": 0,
            "description": "Sim",
          },
          {
            "id": 1,
            "description": "Não",
          },

        ],
        "input": {
            "dependency": {
              "key": "radio",
              "value": 1,
            },
            "fields": [
              {
                "key": "revestimento",
                "label": "Não, em:",
              },
            ]
          }
       },

      {
        "key": "serv_externo6",
        "type": "radio",
        "label": "As calhas de concreto foram impermeabilizadas?",
        "placeholder": "",
        "description": "",
        "default_value": 0,
        "additonal_type": null,
        "image": null,
        "options": [
          {
            "id": 0,
            "description": "Sim",
          },
          {
            "id": 1,
            "description": "Não",
          },
        ],
      },
      {
        "key": "serv_externo7",
        "type": "text",
        "label": "Quantas luminárias de sobrepor com 2 lâmpadas 32W foram instaladas?",
        "placeholder": "",
        "description": "",
        "default_value": "4",
        "additional_type": null,
      },
      {
        "key": "serv_externo18",
        "type": "picker",
        "label": "Qual tipo de piso foi instalado?",
        "description": "Selecionar alguma opção",
        "placeholder": "exemplo",
        "default_value": "",
        "aditional_type": null,
        "options": [
          "Bloco de concreto intertravado",
          "Cerâmica",
          "Cimento desempenado",
          "Granitina",
          "Outros"
        ]
      },
      {
        "key": "serv_externo9",
        "type": "img_plus_input",
        "label": "A estrutura do prédio está compatível com a dimensão da construção?",
        "placeholder": "",
        "description": "",
        "default_value": 0,
        "additonal_type": null,
        "image": null,
        "radio": [
          {
            "id": 0,
            "description": "Sim",
          },
          {
            "id": 1,
            "description": "Não",
          },
        ],
        "input": {
          "dependency": {
            "key": "radio",
            "value": 1
          },
          "fields": [
            {
              "key": "obs",
              "label": "Descreva melhor:",
            },
          ]
        }
      },
]
